P,Fold Number,RMSE,RSS,MSE,MAE,MAPE,R2,AIC,BIC
1,0,5.432169773574073,36236.39925528824,29.50846844893181,3.3173052822024123,0.014501582546381,0.9972773075259898,-4160.383709928855,-4170.609994146269
1,1,5.432169773574073,36236.39925528824,29.50846844893181,3.3173052822024123,0.014501582546381,0.9972773075259898,-4160.383709928855,-4170.609994146269
1,2,5.432169773574073,36236.39925528824,29.50846844893181,3.3173052822024123,0.014501582546381,0.9972773075259898,-4160.383709928855,-4170.609994146269
1,0,5.432169773574073,36236.39925528824,29.50846844893181,3.3173052822024123,0.014501582546381,0.9972773075259898,-4160.383709928855,-4170.609994146269
1,1,5.432169773574073,36236.39925528824,29.50846844893181,3.3173052822024123,0.014501582546381,0.9972773075259898,-4160.383709928855,-4170.609994146269
1,2,5.432169773574073,36236.39925528824,29.50846844893181,3.3173052822024123,0.014501582546381,0.9972773075259898,-4160.383709928855,-4170.609994146269
1,0,5.432169773574073,36236.39925528824,29.50846844893181,3.3173052822024123,0.014501582546381,0.9972773075259898,-4160.383709928855,-4170.609994146269
1,1,5.432169773574073,36236.39925528824,29.50846844893181,3.3173052822024123,0.014501582546381,0.9972773075259898,-4160.383709928855,-4170.609994146269
1,2,5.432169773574073,36236.39925528824,29.50846844893181,3.3173052822024123,0.014501582546381,0.9972773075259898,-4160.383709928855,-4170.609994146269
1,0,5.432169773574073,36236.39925528824,29.50846844893181,3.3173052822024123,0.014501582546381,0.9972773075259898,-4160.383709928855,-4170.609994146269
1,1,5.773972926973061,40940.001407821124,33.33876336141783,3.5069773823951405,0.015306597272133658,0.996923893212078,-4312.253123851816,-4327.5925501779375
1,2,5.773972926973061,40940.001407821124,33.33876336141783,3.5069773823951405,0.015306597272133658,0.996923893212078,-4312.253123851816,-4327.5925501779375
1,0,5.773972926973061,40940.001407821124,33.33876336141783,3.5069773823951405,0.015306597272133658,0.996923893212078,-4312.253123851816,-4327.5925501779375
1,1,5.773972926973061,40940.001407821124,33.33876336141783,3.5069773823951405,0.015306597272133658,0.996923893212078,-4312.253123851816,-4327.5925501779375
1,2,5.773972926973061,40940.001407821124,33.33876336141783,3.5069773823951405,0.015306597272133658,0.996923893212078,-4312.253123851816,-4327.5925501779375
1,0,5.773972926973061,40940.001407821124,33.33876336141783,3.5069773823951405,0.015306597272133658,0.996923893212078,-4312.253123851816,-4327.5925501779375
1,1,5.773972926973061,40940.001407821124,33.33876336141783,3.5069773823951405,0.015306597272133658,0.996923893212078,-4312.253123851816,-4327.5925501779375
1,2,5.773972926973061,40940.001407821124,33.33876336141783,3.5069773823951405,0.015306597272133658,0.996923893212078,-4312.253123851816,-4327.5925501779375
1,0,5.773972926973061,40940.001407821124,33.33876336141783,3.5069773823951405,0.015306597272133658,0.996923893212078,-4312.253123851816,-4327.5925501779375
1,1,5.773972926973061,40940.001407821124,33.33876336141783,3.5069773823951405,0.015306597272133658,0.996923893212078,-4312.253123851816,-4327.5925501779375
1,2,5.932961465079145,43225.63898422808,35.20003174611404,3.572102292151482,0.015614140723848006,0.9967521573786207,-4380.965696943755,-4401.418265378583
1,0,5.932961465079145,43225.63898422808,35.20003174611404,3.572102292151482,0.015614140723848006,0.9967521573786207,-4380.965696943755,-4401.418265378583
1,1,5.932961465079145,43225.63898422808,35.20003174611404,3.572102292151482,0.015614140723848006,0.9967521573786207,-4380.965696943755,-4401.418265378583
1,2,5.932961465079145,43225.63898422808,35.20003174611404,3.572102292151482,0.015614140723848006,0.9967521573786207,-4380.965696943755,-4401.418265378583
1,0,5.932961465079145,43225.63898422808,35.20003174611404,3.572102292151482,0.015614140723848006,0.9967521573786207,-4380.965696943755,-4401.418265378583
1,1,5.932961465079145,43225.63898422808,35.20003174611404,3.572102292151482,0.015614140723848006,0.9967521573786207,-4380.965696943755,-4401.418265378583
1,2,5.932961465079145,43225.63898422808,35.20003174611404,3.572102292151482,0.015614140723848006,0.9967521573786207,-4380.965696943755,-4401.418265378583
1,0,5.932961465079145,43225.63898422808,35.20003174611404,3.572102292151482,0.015614140723848006,0.9967521573786207,-4380.965696943755,-4401.418265378583
1,1,5.932961465079145,43225.63898422808,35.20003174611404,3.572102292151482,0.015614140723848006,0.9967521573786207,-4380.965696943755,-4401.418265378583
1,2,5.932961465079145,43225.63898422808,35.20003174611404,3.572102292151482,0.015614140723848006,0.9967521573786207,-4380.965696943755,-4401.418265378583
2,0,6.019216684380039,44491.63053804136,36.23096949351902,3.6166019829268463,0.015879958461249507,0.996657034636114,-4418.414716144813,-4443.980426688348
2,1,6.019216684380039,44491.63053804136,36.23096949351902,3.6166019829268463,0.015879958461249507,0.996657034636114,-4418.414716144813,-4443.980426688348
2,2,6.019216684380039,44491.63053804136,36.23096949351902,3.6166019829268463,0.015879958461249507,0.996657034636114,-4418.414716144813,-4443.980426688348
2,0,6.019216684380039,44491.63053804136,36.23096949351902,3.6166019829268463,0.015879958461249507,0.996657034636114,-4418.414716144813,-4443.980426688348
2,1,6.019216684380039,44491.63053804136,36.23096949351902,3.6166019829268463,0.015879958461249507,0.996657034636114,-4418.414716144813,-4443.980426688348
2,2,6.019216684380039,44491.63053804136,36.23096949351902,3.6166019829268463,0.015879958461249507,0.996657034636114,-4418.414716144813,-4443.980426688348
2,0,6.019216684380039,44491.63053804136,36.23096949351902,3.6166019829268463,0.015879958461249507,0.996657034636114,-4418.414716144813,-4443.980426688348
2,1,6.019216684380039,44491.63053804136,36.23096949351902,3.6166019829268463,0.015879958461249507,0.996657034636114,-4418.414716144813,-4443.980426688348
2,2,6.019216684380039,44491.63053804136,36.23096949351902,3.6166019829268463,0.015879958461249507,0.996657034636114,-4418.414716144813,-4443.980426688348
2,0,6.019216684380039,44491.63053804136,36.23096949351902,3.6166019829268463,0.015879958461249507,0.996657034636114,-4418.414716144813,-4443.980426688348
2,1,6.019507735603881,44495.93330940582,36.234473378994956,3.574858388431504,0.0157328913397216,0.9966567113390025,-4420.53346988997,-4451.212322542212
2,2,6.019507735603881,44495.93330940582,36.234473378994956,3.574858388431504,0.0157328913397216,0.9966567113390025,-4420.53346988997,-4451.212322542212
2,0,6.019507735603881,44495.93330940582,36.234473378994956,3.574858388431504,0.0157328913397216,0.9966567113390025,-4420.53346988997,-4451.212322542212
2,1,6.019507735603881,44495.93330940582,36.234473378994956,3.574858388431504,0.0157328913397216,0.9966567113390025,-4420.53346988997,-4451.212322542212
2,2,6.019507735603881,44495.93330940582,36.234473378994956,3.574858388431504,0.0157328913397216,0.9966567113390025,-4420.53346988997,-4451.212322542212
2,0,6.019507735603881,44495.93330940582,36.234473378994956,3.574858388431504,0.0157328913397216,0.9966567113390025,-4420.53346988997,-4451.212322542212
2,1,6.019507735603881,44495.93330940582,36.234473378994956,3.574858388431504,0.0157328913397216,0.9966567113390025,-4420.53346988997,-4451.212322542212
2,2,6.019507735603881,44495.93330940582,36.234473378994956,3.574858388431504,0.0157328913397216,0.9966567113390025,-4420.53346988997,-4451.212322542212
2,0,6.019507735603881,44495.93330940582,36.234473378994956,3.574858388431504,0.0157328913397216,0.9966567113390025,-4420.53346988997,-4451.212322542212
2,1,6.019507735603881,44495.93330940582,36.234473378994956,3.574858388431504,0.0157328913397216,0.9966567113390025,-4420.53346988997,-4451.212322542212
2,2,6.003138997950752,44254.26837366467,36.03767782871711,3.5502585088952725,0.01563805843151957,0.9966748693048959,-4415.845816928501,-4451.637811689451
2,0,6.003138997950752,44254.26837366467,36.03767782871711,3.5502585088952725,0.01563805843151957,0.9966748693048959,-4415.845816928501,-4451.637811689451
2,1,6.003138997950752,44254.26837366467,36.03767782871711,3.5502585088952725,0.01563805843151957,0.9966748693048959,-4415.845816928501,-4451.637811689451
2,2,6.003138997950752,44254.26837366467,36.03767782871711,3.5502585088952725,0.01563805843151957,0.9966748693048959,-4415.845816928501,-4451.637811689451
2,0,6.003138997950752,44254.26837366467,36.03767782871711,3.5502585088952725,0.01563805843151957,0.9966748693048959,-4415.845816928501,-4451.637811689451
2,1,6.003138997950752,44254.26837366467,36.03767782871711,3.5502585088952725,0.01563805843151957,0.9966748693048959,-4415.845816928501,-4451.637811689451
2,2,6.003138997950752,44254.26837366467,36.03767782871711,3.5502585088952725,0.01563805843151957,0.9966748693048959,-4415.845816928501,-4451.637811689451
2,0,6.003138997950752,44254.26837366467,36.03767782871711,3.5502585088952725,0.01563805843151957,0.9966748693048959,-4415.845816928501,-4451.637811689451
2,1,6.003138997950752,44254.26837366467,36.03767782871711,3.5502585088952725,0.01563805843151957,0.9966748693048959,-4415.845816928501,-4451.637811689451
2,2,6.003138997950752,44254.26837366467,36.03767782871711,3.5502585088952725,0.01563805843151957,0.9966748693048959,-4415.845816928501,-4451.637811689451
3,0,6.027733596378674,44617.62679534416,36.33357230891215,3.5391817203829508,0.015601934315175106,0.9966475676617854,-4427.887385802464,-4468.792522672121
3,1,6.027733596378674,44617.62679534416,36.33357230891215,3.5391817203829508,0.015601934315175106,0.9966475676617854,-4427.887385802464,-4468.792522672121
3,2,6.027733596378674,44617.62679534416,36.33357230891215,3.5391817203829508,0.015601934315175106,0.9966475676617854,-4427.887385802464,-4468.792522672121
3,0,6.027733596378674,44617.62679534416,36.33357230891215,3.5391817203829508,0.015601934315175106,0.9966475676617854,-4427.887385802464,-4468.792522672121
3,1,6.027733596378674,44617.62679534416,36.33357230891215,3.5391817203829508,0.015601934315175106,0.9966475676617854,-4427.887385802464,-4468.792522672121
3,2,6.027733596378674,44617.62679534416,36.33357230891215,3.5391817203829508,0.015601934315175106,0.9966475676617854,-4427.887385802464,-4468.792522672121
3,0,6.027733596378674,44617.62679534416,36.33357230891215,3.5391817203829508,0.015601934315175106,0.9966475676617854,-4427.887385802464,-4468.792522672121
3,1,6.027733596378674,44617.62679534416,36.33357230891215,3.5391817203829508,0.015601934315175106,0.9966475676617854,-4427.887385802464,-4468.792522672121
3,2,6.027733596378674,44617.62679534416,36.33357230891215,3.5391817203829508,0.015601934315175106,0.9966475676617854,-4427.887385802464,-4468.792522672121
3,0,6.027733596378674,44617.62679534416,36.33357230891215,3.5391817203829508,0.015601934315175106,0.9966475676617854,-4427.887385802464,-4468.792522672121
3,1,6.069433577511065,45237.09341283344,36.83802395181878,3.5482820242480333,0.015602982884783201,0.99660102283029,-4446.819541544053,-4492.837820522417
3,2,6.069433577511065,45237.09341283344,36.83802395181878,3.5482820242480333,0.015602982884783201,0.99660102283029,-4446.819541544053,-4492.837820522417
3,0,6.069433577511065,45237.09341283344,36.83802395181878,3.5482820242480333,0.015602982884783201,0.99660102283029,-4446.819541544053,-4492.837820522417
3,1,6.069433577511065,45237.09341283344,36.83802395181878,3.5482820242480333,0.015602982884783201,0.99660102283029,-4446.819541544053,-4492.837820522417
3,2,6.069433577511065,45237.09341283344,36.83802395181878,3.5482820242480333,0.015602982884783201,0.99660102283029,-4446.819541544053,-4492.837820522417
3,0,6.069433577511065,45237.09341283344,36.83802395181878,3.5482820242480333,0.015602982884783201,0.99660102283029,-4446.819541544053,-4492.837820522417
3,1,6.069433577511065,45237.09341283344,36.83802395181878,3.5482820242480333,0.015602982884783201,0.99660102283029,-4446.819541544053,-4492.837820522417
3,2,6.069433577511065,45237.09341283344,36.83802395181878,3.5482820242480333,0.015602982884783201,0.99660102283029,-4446.819541544053,-4492.837820522417
3,0,6.069433577511065,45237.09341283344,36.83802395181878,3.5482820242480333,0.015602982884783201,0.99660102283029,-4446.819541544053,-4492.837820522417
3,1,6.069433577511065,45237.09341283344,36.83802395181878,3.5482820242480333,0.015602982884783201,0.99660102283029,-4446.819541544053,-4492.837820522417
3,2,6.0872455361810065,45502.997491403854,37.054558217755584,3.553636741151616,0.01562809273605976,0.996581043609164,-4456.016606036615,-4507.148027123685
3,0,6.0872455361810065,45502.997491403854,37.054558217755584,3.553636741151616,0.01562809273605976,0.996581043609164,-4456.016606036615,-4507.148027123685
3,1,6.0872455361810065,45502.997491403854,37.054558217755584,3.553636741151616,0.01562809273605976,0.996581043609164,-4456.016606036615,-4507.148027123685
3,2,6.0872455361810065,45502.997491403854,37.054558217755584,3.553636741151616,0.01562809273605976,0.996581043609164,-4456.016606036615,-4507.148027123685
3,0,6.0872455361810065,45502.997491403854,37.054558217755584,3.553636741151616,0.01562809273605976,0.996581043609164,-4456.016606036615,-4507.148027123685
3,1,6.0872455361810065,45502.997491403854,37.054558217755584,3.553636741151616,0.01562809273605976,0.996581043609164,-4456.016606036615,-4507.148027123685
3,2,6.0872455361810065,45502.997491403854,37.054558217755584,3.553636741151616,0.01562809273605976,0.996581043609164,-4456.016606036615,-4507.148027123685
3,0,6.0872455361810065,45502.997491403854,37.054558217755584,3.553636741151616,0.01562809273605976,0.996581043609164,-4456.016606036615,-4507.148027123685
3,1,6.0872455361810065,45502.997491403854,37.054558217755584,3.553636741151616,0.01562809273605976,0.996581043609164,-4456.016606036615,-4507.148027123685
3,2,6.0872455361810065,45502.997491403854,37.054558217755584,3.553636741151616,0.01562809273605976,0.996581043609164,-4456.016606036615,-4507.148027123685
4,0,6.095015769904264,45619.23876504868,37.14921723538161,3.5440692235560673,0.01557741723269038,0.9965723095945426,-4461.149636289826,-4517.394199485604
4,1,6.095015769904264,45619.23876504868,37.14921723538161,3.5440692235560673,0.01557741723269038,0.9965723095945426,-4461.149636289826,-4517.394199485604
4,2,6.095015769904264,45619.23876504868,37.14921723538161,3.5440692235560673,0.01557741723269038,0.9965723095945426,-4461.149636289826,-4517.394199485604
4,0,6.095015769904264,45619.23876504868,37.14921723538161,3.5440692235560673,0.01557741723269038,0.9965723095945426,-4461.149636289826,-4517.394199485604
4,1,6.095015769904264,45619.23876504868,37.14921723538161,3.5440692235560673,0.01557741723269038,0.9965723095945426,-4461.149636289826,-4517.394199485604
4,2,6.095015769904264,45619.23876504868,37.14921723538161,3.5440692235560673,0.01557741723269038,0.9965723095945426,-4461.149636289826,-4517.394199485604
4,0,6.095015769904264,45619.23876504868,37.14921723538161,3.5440692235560673,0.01557741723269038,0.9965723095945426,-4461.149636289826,-4517.394199485604
4,1,6.095015769904264,45619.23876504868,37.14921723538161,3.5440692235560673,0.01557741723269038,0.9965723095945426,-4461.149636289826,-4517.394199485604
4,2,6.095015769904264,45619.23876504868,37.14921723538161,3.5440692235560673,0.01557741723269038,0.9965723095945426,-4461.149636289826,-4517.394199485604
4,0,6.095015769904264,45619.23876504868,37.14921723538161,3.5440692235560673,0.01557741723269038,0.9965723095945426,-4461.149636289826,-4517.394199485604
4,1,5.822237538679067,41627.29654695492,33.89844995680372,3.7244721656406345,0.014056855892285797,0.9960220523567938,-4330.69748732541,-4340.923771542824
4,2,5.822237538679067,41627.29654695492,33.89844995680372,3.7244721656406345,0.014056855892285797,0.9960220523567938,-4330.69748732541,-4340.923771542824
4,0,5.822237538679067,41627.29654695492,33.89844995680372,3.7244721656406345,0.014056855892285797,0.9960220523567938,-4330.69748732541,-4340.923771542824
4,1,5.822237538679067,41627.29654695492,33.89844995680372,3.7244721656406345,0.014056855892285797,0.9960220523567938,-4330.69748732541,-4340.923771542824
4,2,5.822237538679067,41627.29654695492,33.89844995680372,3.7244721656406345,0.014056855892285797,0.9960220523567938,-4330.69748732541,-4340.923771542824
4,0,5.822237538679067,41627.29654695492,33.89844995680372,3.7244721656406345,0.014056855892285797,0.9960220523567938,-4330.69748732541,-4340.923771542824
4,1,5.822237538679067,41627.29654695492,33.89844995680372,3.7244721656406345,0.014056855892285797,0.9960220523567938,-4330.69748732541,-4340.923771542824
4,2,5.822237538679067,41627.29654695492,33.89844995680372,3.7244721656406345,0.014056855892285797,0.9960220523567938,-4330.69748732541,-4340.923771542824
4,0,5.822237538679067,41627.29654695492,33.89844995680372,3.7244721656406345,0.014056855892285797,0.9960220523567938,-4330.69748732541,-4340.923771542824
4,1,5.822237538679067,41627.29654695492,33.89844995680372,3.7244721656406345,0.014056855892285797,0.9960220523567938,-4330.69748732541,-4340.923771542824
4,2,6.159524547427518,46590.00397464474,37.93974265036214,3.9217726953401932,0.01477675298798663,0.9955478108865692,-4471.006994777452,-4486.346421103573
4,0,6.159524547427518,46590.00397464474,37.93974265036214,3.9217726953401932,0.01477675298798663,0.9955478108865692,-4471.006994777452,-4486.346421103573
4,1,6.159524547427518,46590.00397464474,37.93974265036214,3.9217726953401932,0.01477675298798663,0.9955478108865692,-4471.006994777452,-4486.346421103573
4,2,6.159524547427518,46590.00397464474,37.93974265036214,3.9217726953401932,0.01477675298798663,0.9955478108865692,-4471.006994777452,-4486.346421103573
4,0,6.159524547427518,46590.00397464474,37.93974265036214,3.9217726953401932,0.01477675298798663,0.9955478108865692,-4471.006994777452,-4486.346421103573
4,1,6.159524547427518,46590.00397464474,37.93974265036214,3.9217726953401932,0.01477675298798663,0.9955478108865692,-4471.006994777452,-4486.346421103573
4,2,6.159524547427518,46590.00397464474,37.93974265036214,3.9217726953401932,0.01477675298798663,0.9955478108865692,-4471.006994777452,-4486.346421103573
4,0,6.159524547427518,46590.00397464474,37.93974265036214,3.9217726953401932,0.01477675298798663,0.9955478108865692,-4471.006994777452,-4486.346421103573
4,1,6.159524547427518,46590.00397464474,37.93974265036214,3.9217726953401932,0.01477675298798663,0.9955478108865692,-4471.006994777452,-4486.346421103573
4,2,6.159524547427518,46590.00397464474,37.93974265036214,3.9217726953401932,0.01477675298798663,0.9955478108865692,-4471.006994777452,-4486.346421103573
5,0,6.355465317727983,49601.30158914751,40.39193940484326,4.015771002275969,0.01513712300264767,0.9952600481625332,-4549.917941324561,-4570.370509759389
5,1,6.355465317727983,49601.30158914751,40.39193940484326,4.015771002275969,0.01513712300264767,0.9952600481625332,-4549.917941324561,-4570.370509759389
5,2,6.355465317727983,49601.30158914751,40.39193940484326,4.015771002275969,0.01513712300264767,0.9952600481625332,-4549.917941324561,-4570.370509759389
5,0,6.355465317727983,49601.30158914751,40.39193940484326,4.015771002275969,0.01513712300264767,0.9952600481625332,-4549.917941324561,-4570.370509759389
5,1,6.355465317727983,49601.30158914751,40.39193940484326,4.015771002275969,0.01513712300264767,0.9952600481625332,-4549.917941324561,-4570.370509759389
5,2,6.355465317727983,49601.30158914751,40.39193940484326,4.015771002275969,0.01513712300264767,0.9952600481625332,-4549.917941324561,-4570.370509759389
5,0,6.355465317727983,49601.30158914751,40.39193940484326,4.015771002275969,0.01513712300264767,0.9952600481625332,-4549.917941324561,-4570.370509759389
5,1,6.355465317727983,49601.30158914751,40.39193940484326,4.015771002275969,0.01513712300264767,0.9952600481625332,-4549.917941324561,-4570.370509759389
5,2,6.355465317727983,49601.30158914751,40.39193940484326,4.015771002275969,0.01513712300264767,0.9952600481625332,-4549.917941324561,-4570.370509759389
5,0,6.355465317727983,49601.30158914751,40.39193940484326,4.015771002275969,0.01513712300264767,0.9952600481625332,-4549.917941324561,-4570.370509759389
5,1,6.432047851199124,50803.88217982155,41.37123956011521,4.041590041276761,0.015275106920339688,0.9951451283137018,-4581.335537761086,-4606.901248304622
5,2,6.432047851199124,50803.88217982155,41.37123956011521,4.041590041276761,0.015275106920339688,0.9951451283137018,-4581.335537761086,-4606.901248304622
5,0,6.432047851199124,50803.88217982155,41.37123956011521,4.041590041276761,0.015275106920339688,0.9951451283137018,-4581.335537761086,-4606.901248304622
5,1,6.432047851199124,50803.88217982155,41.37123956011521,4.041590041276761,0.015275106920339688,0.9951451283137018,-4581.335537761086,-4606.901248304622
5,2,6.432047851199124,50803.88217982155,41.37123956011521,4.041590041276761,0.015275106920339688,0.9951451283137018,-4581.335537761086,-4606.901248304622
5,0,6.432047851199124,50803.88217982155,41.37123956011521,4.041590041276761,0.015275106920339688,0.9951451283137018,-4581.335537761086,-4606.901248304622
5,1,6.432047851199124,50803.88217982155,41.37123956011521,4.041590041276761,0.015275106920339688,0.9951451283137018,-4581.335537761086,-4606.901248304622
5,2,6.432047851199124,50803.88217982155,41.37123956011521,4.041590041276761,0.015275106920339688,0.9951451283137018,-4581.335537761086,-4606.901248304622
5,0,6.432047851199124,50803.88217982155,41.37123956011521,4.041590041276761,0.015275106920339688,0.9951451283137018,-4581.335537761086,-4606.901248304622
5,1,6.432047851199124,50803.88217982155,41.37123956011521,4.041590041276761,0.015275106920339688,0.9951451283137018,-4581.335537761086,-4606.901248304622
5,2,6.434867235017538,50848.430056067176,41.40751633230229,3.9947838138362295,0.015113883011709964,0.9951408712724327,-4584.41184963887,-4615.090702291112
5,0,6.434867235017538,50848.430056067176,41.40751633230229,3.9947838138362295,0.015113883011709964,0.9951408712724327,-4584.41184963887,-4615.090702291112
5,1,6.434867235017538,50848.430056067176,41.40751633230229,3.9947838138362295,0.015113883011709964,0.9951408712724327,-4584.41184963887,-4615.090702291112
5,2,6.434867235017538,50848.430056067176,41.40751633230229,3.9947838138362295,0.015113883011709964,0.9951408712724327,-4584.41184963887,-4615.090702291112
5,0,6.434867235017538,50848.430056067176,41.40751633230229,3.9947838138362295,0.015113883011709964,0.9951408712724327,-4584.41184963887,-4615.090702291112
5,1,6.434867235017538,50848.430056067176,41.40751633230229,3.9947838138362295,0.015113883011709964,0.9951408712724327,-4584.41184963887,-4615.090702291112
5,2,6.434867235017538,50848.430056067176,41.40751633230229,3.9947838138362295,0.015113883011709964,0.9951408712724327,-4584.41184963887,-4615.090702291112
5,0,6.434867235017538,50848.430056067176,41.40751633230229,3.9947838138362295,0.015113883011709964,0.9951408712724327,-4584.41184963887,-4615.090702291112
5,1,6.434867235017538,50848.430056067176,41.40751633230229,3.9947838138362295,0.015113883011709964,0.9951408712724327,-4584.41184963887,-4615.090702291112
5,2,6.434867235017538,50848.430056067176,41.40751633230229,3.9947838138362295,0.015113883011709964,0.9951408712724327,-4584.41184963887,-4615.090702291112
6,0,6.41588492322481,50548.875439421885,41.16357934806348,3.9654556775601852,0.015016723946106909,0.9951694970223647,-4579.156151124647,-4614.948145885597
6,1,6.41588492322481,50548.875439421885,41.16357934806348,3.9654556775601852,0.015016723946106909,0.9951694970223647,-4579.156151124647,-4614.948145885597
6,2,6.41588492322481,50548.875439421885,41.16357934806348,3.9654556775601852,0.015016723946106909,0.9951694970223647,-4579.156151124647,-4614.948145885597
6,0,6.41588492322481,50548.875439421885,41.16357934806348,3.9654556775601852,0.015016723946106909,0.9951694970223647,-4579.156151124647,-4614.948145885597
6,1,6.41588492322481,50548.875439421885,41.16357934806348,3.9654556775601852,0.015016723946106909,0.9951694970223647,-4579.156151124647,-4614.948145885597
6,2,6.41588492322481,50548.875439421885,41.16357934806348,3.9654556775601852,0.015016723946106909,0.9951694970223647,-4579.156151124647,-4614.948145885597
6,0,6.41588492322481,50548.875439421885,41.16357934806348,3.9654556775601852,0.015016723946106909,0.9951694970223647,-4579.156151124647,-4614.948145885597
6,1,6.41588492322481,50548.875439421885,41.16357934806348,3.9654556775601852,0.015016723946106909,0.9951694970223647,-4579.156151124647,-4614.948145885597
6,2,6.41588492322481,50548.875439421885,41.16357934806348,3.9654556775601852,0.015016723946106909,0.9951694970223647,-4579.156151124647,-4614.948145885597
6,0,6.41588492322481,50548.875439421885,41.16357934806348,3.9654556775601852,0.015016723946106909,0.9951694970223647,-4579.156151124647,-4614.948145885597
6,1,6.418228048822793,50585.80378006224,41.19365128669566,3.9472465529932013,0.014944984020709708,0.9951659681118227,-4582.052935584175,-4622.958072453832
6,2,6.418228048822793,50585.80378006224,41.19365128669566,3.9472465529932013,0.014944984020709708,0.9951659681118227,-4582.052935584175,-4622.958072453832
6,0,6.418228048822793,50585.80378006224,41.19365128669566,3.9472465529932013,0.014944984020709708,0.9951659681118227,-4582.052935584175,-4622.958072453832
6,1,6.418228048822793,50585.80378006224,41.19365128669566,3.9472465529932013,0.014944984020709708,0.9951659681118227,-4582.052935584175,-4622.958072453832
6,2,6.418228048822793,50585.80378006224,41.19365128669566,3.9472465529932013,0.014944984020709708,0.9951659681118227,-4582.052935584175,-4622.958072453832
6,0,6.418228048822793,50585.80378006224,41.19365128669566,3.9472465529932013,0.014944984020709708,0.9951659681118227,-4582.052935584175,-4622.958072453832
6,1,6.418228048822793,50585.80378006224,41.19365128669566,3.9472465529932013,0.014944984020709708,0.9951659681118227,-4582.052935584175,-4622.958072453832
6,2,6.418228048822793,50585.80378006224,41.19365128669566,3.9472465529932013,0.014944984020709708,0.9951659681118227,-4582.052935584175,-4622.958072453832
6,0,6.418228048822793,50585.80378006224,41.19365128669566,3.9472465529932013,0.014944984020709708,0.9951659681118227,-4582.052935584175,-4622.958072453832
6,1,6.418228048822793,50585.80378006224,41.19365128669566,3.9472465529932013,0.014944984020709708,0.9951659681118227,-4582.052935584175,-4622.958072453832
6,2,6.4493093302184645,51076.929547643136,41.59359083684295,3.952915872340172,0.014928468179309337,0.9951190356239668,-4595.917797262188,-4641.936076240552
6,0,6.4493093302184645,51076.929547643136,41.59359083684295,3.952915872340172,0.014928468179309337,0.9951190356239668,-4595.917797262188,-4641.936076240552
6,1,6.4493093302184645,51076.929547643136,41.59359083684295,3.952915872340172,0.014928468179309337,0.9951190356239668,-4595.917797262188,-4641.936076240552
6,2,6.4493093302184645,51076.929547643136,41.59359083684295,3.952915872340172,0.014928468179309337,0.9951190356239668,-4595.917797262188,-4641.936076240552
6,0,6.4493093302184645,51076.929547643136,41.59359083684295,3.952915872340172,0.014928468179309337,0.9951190356239668,-4595.917797262188,-4641.936076240552
6,1,6.4493093302184645,51076.929547643136,41.59359083684295,3.952915872340172,0.014928468179309337,0.9951190356239668,-4595.917797262188,-4641.936076240552
6,2,6.4493093302184645,51076.929547643136,41.59359083684295,3.952915872340172,0.014928468179309337,0.9951190356239668,-4595.917797262188,-4641.936076240552
6,0,6.4493093302184645,51076.929547643136,41.59359083684295,3.952915872340172,0.014928468179309337,0.9951190356239668,-4595.917797262188,-4641.936076240552
6,1,6.4493093302184645,51076.929547643136,41.59359083684295,3.952915872340172,0.014928468179309337,0.9951190356239668,-4595.917797262188,-4641.936076240552
6,2,6.4493093302184645,51076.929547643136,41.59359083684295,3.952915872340172,0.014928468179309337,0.9951190356239668,-4595.917797262188,-4641.936076240552
7,0,6.467550648006855,51366.27158020762,41.82921138453387,3.945449663543061,0.014905727351427128,0.9950913857991643,-4604.85457699757,-4655.98599808464
7,1,6.467550648006855,51366.27158020762,41.82921138453387,3.945449663543061,0.014905727351427128,0.9950913857991643,-4604.85457699757,-4655.98599808464
7,2,6.467550648006855,51366.27158020762,41.82921138453387,3.945449663543061,0.014905727351427128,0.9950913857991643,-4604.85457699757,-4655.98599808464
7,0,6.467550648006855,51366.27158020762,41.82921138453387,3.945449663543061,0.014905727351427128,0.9950913857991643,-4604.85457699757,-4655.98599808464
7,1,6.467550648006855,51366.27158020762,41.82921138453387,3.945449663543061,0.014905727351427128,0.9950913857991643,-4604.85457699757,-4655.98599808464
7,2,6.467550648006855,51366.27158020762,41.82921138453387,3.945449663543061,0.014905727351427128,0.9950913857991643,-4604.85457699757,-4655.98599808464
7,0,6.467550648006855,51366.27158020762,41.82921138453387,3.945449663543061,0.014905727351427128,0.9950913857991643,-4604.85457699757,-4655.98599808464
7,1,6.467550648006855,51366.27158020762,41.82921138453387,3.945449663543061,0.014905727351427128,0.9950913857991643,-4604.85457699757,-4655.98599808464
7,2,6.467550648006855,51366.27158020762,41.82921138453387,3.945449663543061,0.014905727351427128,0.9950913857991643,-4604.85457699757,-4655.98599808464
7,0,6.467550648006855,51366.27158020762,41.82921138453387,3.945449663543061,0.014905727351427128,0.9950913857991643,-4604.85457699757,-4655.98599808464
7,1,6.486512990574733,51667.91675402677,42.0748507768948,3.9450576287156585,0.01489840306455216,0.9950625602734201,-4614.0448375844935,-4670.2894007802715
7,2,6.486512990574733,51667.91675402677,42.0748507768948,3.9450576287156585,0.01489840306455216,0.9950625602734201,-4614.0448375844935,-4670.2894007802715
7,0,6.486512990574733,51667.91675402677,42.0748507768948,3.9450576287156585,0.01489840306455216,0.9950625602734201,-4614.0448375844935,-4670.2894007802715
7,1,6.486512990574733,51667.91675402677,42.0748507768948,3.9450576287156585,0.01489840306455216,0.9950625602734201,-4614.0448375844935,-4670.2894007802715
7,2,6.486512990574733,51667.91675402677,42.0748507768948,3.9450576287156585,0.01489840306455216,0.9950625602734201,-4614.0448375844935,-4670.2894007802715
7,0,6.486512990574733,51667.91675402677,42.0748507768948,3.9450576287156585,0.01489840306455216,0.9950625602734201,-4614.0448375844935,-4670.2894007802715
7,1,6.486512990574733,51667.91675402677,42.0748507768948,3.9450576287156585,0.01489840306455216,0.9950625602734201,-4614.0448375844935,-4670.2894007802715
7,2,6.486512990574733,51667.91675402677,42.0748507768948,3.9450576287156585,0.01489840306455216,0.9950625602734201,-4614.0448375844935,-4670.2894007802715
7,0,6.486512990574733,51667.91675402677,42.0748507768948,3.9450576287156585,0.01489840306455216,0.9950625602734201,-4614.0448375844935,-4670.2894007802715
7,1,6.486512990574733,51667.91675402677,42.0748507768948,3.9450576287156585,0.01489840306455216,0.9950625602734201,-4614.0448375844935,-4670.2894007802715
7,2,7.529197740192352,69613.86925420683,56.688818610917636,4.923842433882998,0.01583657899827263,0.9926163160011555,-4962.144542071279,-4972.370826288693
7,0,7.529197740192352,69613.86925420683,56.688818610917636,4.923842433882998,0.01583657899827263,0.9926163160011555,-4962.144542071279,-4972.370826288693
7,1,7.529197740192352,69613.86925420683,56.688818610917636,4.923842433882998,0.01583657899827263,0.9926163160011555,-4962.144542071279,-4972.370826288693
7,2,7.529197740192352,69613.86925420683,56.688818610917636,4.923842433882998,0.01583657899827263,0.9926163160011555,-4962.144542071279,-4972.370826288693
7,0,7.529197740192352,69613.86925420683,56.688818610917636,4.923842433882998,0.01583657899827263,0.9926163160011555,-4962.144542071279,-4972.370826288693
7,1,7.529197740192352,69613.86925420683,56.688818610917636,4.923842433882998,0.01583657899827263,0.9926163160011555,-4962.144542071279,-4972.370826288693
7,2,7.529197740192352,69613.86925420683,56.688818610917636,4.923842433882998,0.01583657899827263,0.9926163160011555,-4962.144542071279,-4972.370826288693
7,0,7.529197740192352,69613.86925420683,56.688818610917636,4.923842433882998,0.01583657899827263,0.9926163160011555,-4962.144542071279,-4972.370826288693
7,1,7.529197740192352,69613.86925420683,56.688818610917636,4.923842433882998,0.01583657899827263,0.9926163160011555,-4962.144542071279,-4972.370826288693
7,2,7.529197740192352,69613.86925420683,56.688818610917636,4.923842433882998,0.01583657899827263,0.9926163160011555,-4962.144542071279,-4972.370826288693
8,0,7.961286084629928,77833.18947698358,63.382076121322086,5.160245925493698,0.016627126778221896,0.9917445232986313,-5101.194403635953,-5116.533829962074
8,1,7.961286084629928,77833.18947698358,63.382076121322086,5.160245925493698,0.016627126778221896,0.9917445232986313,-5101.194403635953,-5116.533829962074
8,2,7.961286084629928,77833.18947698358,63.382076121322086,5.160245925493698,0.016627126778221896,0.9917445232986313,-5101.194403635953,-5116.533829962074
8,0,7.961286084629928,77833.18947698358,63.382076121322086,5.160245925493698,0.016627126778221896,0.9917445232986313,-5101.194403635953,-5116.533829962074
8,1,7.961286084629928,77833.18947698358,63.382076121322086,5.160245925493698,0.016627126778221896,0.9917445232986313,-5101.194403635953,-5116.533829962074
8,2,7.961286084629928,77833.18947698358,63.382076121322086,5.160245925493698,0.016627126778221896,0.9917445232986313,-5101.194403635953,-5116.533829962074
8,0,7.961286084629928,77833.18947698358,63.382076121322086,5.160245925493698,0.016627126778221896,0.9917445232986313,-5101.194403635953,-5116.533829962074
8,1,7.961286084629928,77833.18947698358,63.382076121322086,5.160245925493698,0.016627126778221896,0.9917445232986313,-5101.194403635953,-5116.533829962074
8,2,7.961286084629928,77833.18947698358,63.382076121322086,5.160245925493698,0.016627126778221896,0.9917445232986313,-5101.194403635953,-5116.533829962074
8,0,7.961286084629928,77833.18947698358,63.382076121322086,5.160245925493698,0.016627126778221896,0.9917445232986313,-5101.194403635953,-5116.533829962074
8,1,8.323299378848935,85072.53981133498,69.277312549947,5.372443575646747,0.017262155112978187,0.9909766723545819,-5212.408256062508,-5232.860824497337
8,2,8.323299378848935,85072.53981133498,69.277312549947,5.372443575646747,0.017262155112978187,0.9909766723545819,-5212.408256062508,-5232.860824497337
8,0,8.323299378848935,85072.53981133498,69.277312549947,5.372443575646747,0.017262155112978187,0.9909766723545819,-5212.408256062508,-5232.860824497337
8,1,8.323299378848935,85072.53981133498,69.277312549947,5.372443575646747,0.017262155112978187,0.9909766723545819,-5212.408256062508,-5232.860824497337
8,2,8.323299378848935,85072.53981133498,69.277312549947,5.372443575646747,0.017262155112978187,0.9909766723545819,-5212.408256062508,-5232.860824497337
8,0,8.323299378848935,85072.53981133498,69.277312549947,5.372443575646747,0.017262155112978187,0.9909766723545819,-5212.408256062508,-5232.860824497337
8,1,8.323299378848935,85072.53981133498,69.277312549947,5.372443575646747,0.017262155112978187,0.9909766723545819,-5212.408256062508,-5232.860824497337
8,2,8.323299378848935,85072.53981133498,69.277312549947,5.372443575646747,0.017262155112978187,0.9909766723545819,-5212.408256062508,-5232.860824497337
8,0,8.323299378848935,85072.53981133498,69.277312549947,5.372443575646747,0.017262155112978187,0.9909766723545819,-5212.408256062508,-5232.860824497337
8,1,8.323299378848935,85072.53981133498,69.277312549947,5.372443575646747,0.017262155112978187,0.9909766723545819,-5212.408256062508,-5232.860824497337
8,2,8.357703408438768,85777.28129149081,69.85120626342896,5.365074890131685,0.01728921798265779,0.990901923048932,-5224.539111810184,-5250.10482235372
8,0,8.357703408438768,85777.28129149081,69.85120626342896,5.365074890131685,0.01728921798265779,0.990901923048932,-5224.539111810184,-5250.10482235372
8,1,8.357703408438768,85777.28129149081,69.85120626342896,5.365074890131685,0.01728921798265779,0.990901923048932,-5224.539111810184,-5250.10482235372
8,2,8.357703408438768,85777.28129149081,69.85120626342896,5.365074890131685,0.01728921798265779,0.990901923048932,-5224.539111810184,-5250.10482235372
8,0,8.357703408438768,85777.28129149081,69.85120626342896,5.365074890131685,0.01728921798265779,0.990901923048932,-5224.539111810184,-5250.10482235372
8,1,8.357703408438768,85777.28129149081,69.85120626342896,5.365074890131685,0.01728921798265779,0.990901923048932,-5224.539111810184,-5250.10482235372
8,2,8.357703408438768,85777.28129149081,69.85120626342896,5.365074890131685,0.01728921798265779,0.990901923048932,-5224.539111810184,-5250.10482235372
8,0,8.357703408438768,85777.28129149081,69.85120626342896,5.365074890131685,0.01728921798265779,0.990901923048932,-5224.539111810184,-5250.10482235372
8,1,8.357703408438768,85777.28129149081,69.85120626342896,5.365074890131685,0.01728921798265779,0.990901923048932,-5224.539111810184,-5250.10482235372
8,2,8.357703408438768,85777.28129149081,69.85120626342896,5.365074890131685,0.01728921798265779,0.990901923048932,-5224.539111810184,-5250.10482235372
9,0,8.38736080013035,86387.12442323964,70.3478211915632,5.297837407828901,0.017083038584171623,0.9908372392578723,-5235.238825259875,-5265.917677912117
9,1,8.38736080013035,86387.12442323964,70.3478211915632,5.297837407828901,0.017083038584171623,0.9908372392578723,-5235.238825259875,-5265.917677912117
9,2,8.38736080013035,86387.12442323964,70.3478211915632,5.297837407828901,0.017083038584171623,0.9908372392578723,-5235.238825259875,-5265.917677912117
9,0,8.38736080013035,86387.12442323964,70.3478211915632,5.297837407828901,0.017083038584171623,0.9908372392578723,-5235.238825259875,-5265.917677912117
9,1,8.38736080013035,86387.12442323964,70.3478211915632,5.297837407828901,0.017083038584171623,0.9908372392578723,-5235.238825259875,-5265.917677912117
9,2,8.38736080013035,86387.12442323964,70.3478211915632,5.297837407828901,0.017083038584171623,0.9908372392578723,-5235.238825259875,-5265.917677912117
9,0,8.38736080013035,86387.12442323964,70.3478211915632,5.297837407828901,0.017083038584171623,0.9908372392578723,-5235.238825259875,-5265.917677912117
9,1,8.38736080013035,86387.12442323964,70.3478211915632,5.297837407828901,0.017083038584171623,0.9908372392578723,-5235.238825259875,-5265.917677912117
9,2,8.38736080013035,86387.12442323964,70.3478211915632,5.297837407828901,0.017083038584171623,0.9908372392578723,-5235.238825259875,-5265.917677912117
9,0,8.38736080013035,86387.12442323964,70.3478211915632,5.297837407828901,0.017083038584171623,0.9908372392578723,-5235.238825259875,-5265.917677912117
9,1,8.371147599400114,86053.46569679714,70.07611213094228,5.2583145261815,0.016963636519830048,0.9908726291970598,-5232.486656096891,-5268.278650857841
9,2,8.371147599400114,86053.46569679714,70.07611213094228,5.2583145261815,0.016963636519830048,0.9908726291970598,-5232.486656096891,-5268.278650857841
9,0,8.371147599400114,86053.46569679714,70.07611213094228,5.2583145261815,0.016963636519830048,0.9908726291970598,-5232.486656096891,-5268.278650857841
9,1,8.371147599400114,86053.46569679714,70.07611213094228,5.2583145261815,0.016963636519830048,0.9908726291970598,-5232.486656096891,-5268.278650857841
9,2,8.371147599400114,86053.46569679714,70.07611213094228,5.2583145261815,0.016963636519830048,0.9908726291970598,-5232.486656096891,-5268.278650857841
9,0,8.371147599400114,86053.46569679714,70.07611213094228,5.2583145261815,0.016963636519830048,0.9908726291970598,-5232.486656096891,-5268.278650857841
9,1,8.371147599400114,86053.46569679714,70.07611213094228,5.2583145261815,0.016963636519830048,0.9908726291970598,-5232.486656096891,-5268.278650857841
9,2,8.371147599400114,86053.46569679714,70.07611213094228,5.2583145261815,0.016963636519830048,0.9908726291970598,-5232.486656096891,-5268.278650857841
9,0,8.371147599400114,86053.46569679714,70.07611213094228,5.2583145261815,0.016963636519830048,0.9908726291970598,-5232.486656096891,-5268.278650857841
9,1,8.371147599400114,86053.46569679714,70.07611213094228,5.2583145261815,0.016963636519830048,0.9908726291970598,-5232.486656096891,-5268.278650857841
9,2,8.35763684271603,85775.91493432152,69.85009359472436,5.234083747513434,0.01688541251063218,0.9909020679733512,-5230.519550686978,-5271.424687556634
9,0,8.35763684271603,85775.91493432152,69.85009359472436,5.234083747513434,0.01688541251063218,0.9909020679733512,-5230.519550686978,-5271.424687556634
9,1,8.35763684271603,85775.91493432152,69.85009359472436,5.234083747513434,0.01688541251063218,0.9909020679733512,-5230.519550686978,-5271.424687556634
9,2,8.35763684271603,85775.91493432152,69.85009359472436,5.234083747513434,0.01688541251063218,0.9909020679733512,-5230.519550686978,-5271.424687556634
9,0,8.35763684271603,85775.91493432152,69.85009359472436,5.234083747513434,0.01688541251063218,0.9909020679733512,-5230.519550686978,-5271.424687556634
9,1,8.35763684271603,85775.91493432152,69.85009359472436,5.234083747513434,0.01688541251063218,0.9909020679733512,-5230.519550686978,-5271.424687556634
9,2,8.35763684271603,85775.91493432152,69.85009359472436,5.234083747513434,0.01688541251063218,0.9909020679733512,-5230.519550686978,-5271.424687556634
9,0,8.35763684271603,85775.91493432152,69.85009359472436,5.234083747513434,0.01688541251063218,0.9909020679733512,-5230.519550686978,-5271.424687556634
9,1,8.35763684271603,85775.91493432152,69.85009359472436,5.234083747513434,0.01688541251063218,0.9909020679733512,-5230.519550686978,-5271.424687556634
9,2,8.35763684271603,85775.91493432152,69.85009359472436,5.234083747513434,0.01688541251063218,0.9909020679733512,-5230.519550686978,-5271.424687556634
10,0,8.502598991961936,88777.26485104168,72.29418961811209,5.277697148177788,0.0169790564967635,0.9905837259591457,-5274.753338557824,-5320.7716175361875
10,1,8.502598991961936,88777.26485104168,72.29418961811209,5.277697148177788,0.0169790564967635,0.9905837259591457,-5274.753338557824,-5320.7716175361875
10,2,8.502598991961936,88777.26485104168,72.29418961811209,5.277697148177788,0.0169790564967635,0.9905837259591457,-5274.753338557824,-5320.7716175361875
10,0,8.502598991961936,88777.26485104168,72.29418961811209,5.277697148177788,0.0169790564967635,0.9905837259591457,-5274.753338557824,-5320.7716175361875
10,1,8.502598991961936,88777.26485104168,72.29418961811209,5.277697148177788,0.0169790564967635,0.9905837259591457,-5274.753338557824,-5320.7716175361875
10,2,8.502598991961936,88777.26485104168,72.29418961811209,5.277697148177788,0.0169790564967635,0.9905837259591457,-5274.753338557824,-5320.7716175361875
10,0,8.502598991961936,88777.26485104168,72.29418961811209,5.277697148177788,0.0169790564967635,0.9905837259591457,-5274.753338557824,-5320.7716175361875
10,1,8.502598991961936,88777.26485104168,72.29418961811209,5.277697148177788,0.0169790564967635,0.9905837259591457,-5274.753338557824,-5320.7716175361875
10,2,8.502598991961936,88777.26485104168,72.29418961811209,5.277697148177788,0.0169790564967635,0.9905837259591457,-5274.753338557824,-5320.7716175361875
10,0,8.502598991961936,88777.26485104168,72.29418961811209,5.277697148177788,0.0169790564967635,0.9905837259591457,-5274.753338557824,-5320.7716175361875
10,1,8.506158235582786,88851.60589653309,72.35472792877297,5.268384780865346,0.016962781549664133,0.9905758408811587,-5277.781221117787,-5328.912642204858
10,2,8.506158235582786,88851.60589653309,72.35472792877297,5.268384780865346,0.016962781549664133,0.9905758408811587,-5277.781221117787,-5328.912642204858
10,0,8.506158235582786,88851.60589653309,72.35472792877297,5.268384780865346,0.016962781549664133,0.9905758408811587,-5277.781221117787,-5328.912642204858
10,1,8.506158235582786,88851.60589653309,72.35472792877297,5.268384780865346,0.016962781549664133,0.9905758408811587,-5277.781221117787,-5328.912642204858
10,2,8.506158235582786,88851.60589653309,72.35472792877297,5.268384780865346,0.016962781549664133,0.9905758408811587,-5277.781221117787,-5328.912642204858
10,0,8.506158235582786,88851.60589653309,72.35472792877297,5.268384780865346,0.016962781549664133,0.9905758408811587,-5277.781221117787,-5328.912642204858
10,1,8.506158235582786,88851.60589653309,72.35472792877297,5.268384780865346,0.016962781549664133,0.9905758408811587,-5277.781221117787,-5328.912642204858
10,2,8.506158235582786,88851.60589653309,72.35472792877297,5.268384780865346,0.016962781549664133,0.9905758408811587,-5277.781221117787,-5328.912642204858
10,0,8.506158235582786,88851.60589653309,72.35472792877297,5.268384780865346,0.016962781549664133,0.9905758408811587,-5277.781221117787,-5328.912642204858
10,1,8.506158235582786,88851.60589653309,72.35472792877297,5.268384780865346,0.016962781549664133,0.9905758408811587,-5277.781221117787,-5328.912642204858
10,2,8.522091601538422,89184.78358543439,72.62604526501175,5.265728398203294,0.01693981372512565,0.9905405019638327,-5284.377390258123,-5340.621953453901
10,0,8.522091601538422,89184.78358543439,72.62604526501175,5.265728398203294,0.01693981372512565,0.9905405019638327,-5284.377390258123,-5340.621953453901
10,1,8.522091601538422,89184.78358543439,72.62604526501175,5.265728398203294,0.01693981372512565,0.9905405019638327,-5284.377390258123,-5340.621953453901
10,2,8.522091601538422,89184.78358543439,72.62604526501175,5.265728398203294,0.01693981372512565,0.9905405019638327,-5284.377390258123,-5340.621953453901
10,0,8.522091601538422,89184.78358543439,72.62604526501175,5.265728398203294,0.01693981372512565,0.9905405019638327,-5284.377390258123,-5340.621953453901
10,1,8.522091601538422,89184.78358543439,72.62604526501175,5.265728398203294,0.01693981372512565,0.9905405019638327,-5284.377390258123,-5340.621953453901
10,2,8.522091601538422,89184.78358543439,72.62604526501175,5.265728398203294,0.01693981372512565,0.9905405019638327,-5284.377390258123,-5340.621953453901
10,0,8.522091601538422,89184.78358543439,72.62604526501175,5.265728398203294,0.01693981372512565,0.9905405019638327,-5284.377390258123,-5340.621953453901
10,1,8.522091601538422,89184.78358543439,72.62604526501175,5.265728398203294,0.01693981372512565,0.9905405019638327,-5284.377390258123,-5340.621953453901
10,2,8.522091601538422,89184.78358543439,72.62604526501175,5.265728398203294,0.01693981372512565,0.9905405019638327,-5284.377390258123,-5340.621953453901
