P,Q,Fold Number,RMSE,RSS,MSE,MAE,MAPE,R2,AIC,BIC
1,1,0,6.127212213491499,46102.47183724774,37.54272950915936,3.343189515983654,0.014683631309262264,0.9965360009359587,-4458.0891181036695,-4473.428544429791
1,1,1,6.1622461792295775,46631.18535137146,37.9732779734295,3.36424451565075,0.014779969738527183,0.9964962750157405,-4474.091956989921,-4494.544525424749
1,1,2,6.151366722157341,46466.675811970716,37.83931255046475,3.374743451075127,0.01482040045148778,0.9965086357605726,-4471.7520522460945,-4497.31776278963
1,2,0,6.14378603355662,46352.21918248198,37.7461068261254,3.377302508421182,0.014834368606736547,0.9965172356824774,-4470.723513449956,-4501.402366102198
1,2,1,6.162253891316252,46631.30206983993,37.97337302104228,3.389413353020438,0.014883277374428155,0.9964962662458708,-4480.095030686179,-4515.8870254471285
1,2,2,6.178975069570737,46884.712013942575,38.179732910376664,3.403404458054403,0.014941280231088497,0.9964772257958862,-4488.750322319305,-4529.655459188962
1,3,0,6.156371300448087,46542.314519268504,37.9009075889809,3.3718176317958286,0.014813445787066552,0.9965029524988982,-4471.749372133294,-4492.201940568122
1,3,1,6.145072080030984,46371.62654685733,37.76191086877633,3.355812643047342,0.014742198097730867,0.9965157774723349,-4469.237561235905,-4494.80327177944
1,3,2,6.248105404508323,47939.672367099025,39.03882114584612,3.4169423398647543,0.014995407401825438,0.9963979592938895,-4512.075461856486,-4542.754314508728
1,4,0,6.163761341804606,46654.1193630742,37.99195387872494,3.3903693444886303,0.014900161101417904,0.9964945518240783,-4480.695759850932,-4516.487754611881
1,4,1,6.1609633667062,46611.77267604003,37.9574696058958,3.3848498268851186,0.014874262111230309,0.9964977336249321,-4481.580631177105,-4522.485768046761
1,4,2,6.179041140020567,46885.71467556187,38.18054941006664,3.3995065300533387,0.01494822197726355,0.9964771504589514,-4490.776583658024,-4536.794862636388
1,5,0,6.201817917834844,47232.00585678015,38.46254548597731,3.441181517887457,0.015116602740100347,0.996451131196213,-4507.81308575506,-4574.283933168252
1,5,1,6.17047926431177,46755.87202339827,38.07481435130151,3.379816655604796,0.014845385289376704,0.9964869064396535,-4479.371112122058,-4504.936822665593
1,5,2,6.153679594667557,46501.62469610063,37.86777255382784,3.3667993125098215,0.01479153372826028,0.9965060098080566,-4474.675318165739,-4505.354170817981
1,6,0,6.105730803128665,45779.77693025674,37.279948640274206,3.362821371857356,0.014784890566602354,0.9965602472466497,-4457.463491709631,-4493.255486470581
1,6,1,6.214515324919146,47425.60648864824,38.620200723654904,3.4173084935522127,0.015009472085443861,0.9964365846354568,-4502.836282549194,-4543.7414194188505
1,6,2,6.164615494648265,46667.050593740976,38.0024841968575,3.383659068144881,0.014864155534593797,0.9964935802108623,-4485.036080302718,-4531.054359281082
2,1,0,6.165898142019879,46686.472274454434,38.01829989776423,3.3891703247659355,0.01489236843524111,0.9964921209250338,-4487.547037437006,-4538.678458524077
2,1,1,6.2069330119494674,47309.949385408894,38.52601741482806,3.4447365505564016,0.015131579474679106,0.9964452747572964,-4505.837894203252,-4562.08245739903
2,1,2,6.199026886515305,47189.50336920027,38.427934339739664,3.438655322924055,0.015103882574116637,0.9964543247034443,-4504.707552520079,-4566.065257824564
2,2,0,6.0859320898066285,45483.36322533435,37.03856940173812,3.415904752519404,0.014991019186381741,0.9965825188680075,-4461.486617169764,-4527.957464582956
2,2,1,6.232025692433531,47693.24111585421,38.83814423115162,3.4602988281798774,0.015198209303446137,0.9964164753861866,-4521.7467150826615,-4593.330704604561
2,2,2,6.171922016096804,46777.73904577438,38.09262137278043,3.3868210332787543,0.014865538797628244,0.9964852634183138,-4481.945295106337,-4512.624147758579
2,3,0,6.1740085913864,46809.373202238065,38.11838208651312,3.383986532476824,0.014866274852338891,0.9964828865243206,-4484.775468079599,-4520.567462840549
2,3,1,6.167833465122298,46715.78433447655,38.04216965348256,3.382955327482738,0.014867710809582184,0.9964899185062819,-4484.317794208751,-4525.222931078408
2,3,2,6.17275057745299,46790.299421095966,38.10284969144623,3.3830462921605964,0.014863236609839035,0.9964843196700369,-4488.274983346901,-4534.293262325265
2,4,0,6.169537495417621,46741.60089024291,38.06319290736392,3.3758504462457406,0.014829163164074085,0.9964879787290543,-4488.996236714096,-4540.127657801167
2,4,1,6.183371175825305,46951.44913237741,38.234079098027216,3.3913701737211874,0.014898464141340474,0.996472211372438,-4496.497051815796,-4552.741615011574
2,4,2,6.234660836415014,47733.58277501615,38.87099574512715,3.45204801668305,0.015168933160831802,0.9964134442370094,-4518.784988355987,-4580.142693660471
2,5,0,6.226899246088274,47614.80874330782,38.774274220934714,3.4501042952198806,0.015154351256732588,0.9964223685553436,-4517.725585170309,-4584.1964325835015
2,5,1,6.2292613915447905,47650.940510585984,38.803697484190536,3.453887201431564,0.015169978847229398,0.9964196537245971,-4520.657080753824,-4592.241070275723
2,5,2,6.2384082517476225,47790.981669000634,38.91773751547281,3.456491690340994,0.015178683430897262,0.9964091314592534,-4526.260752222723,-4602.957883853329
2,6,0,6.149974646028035,46445.64704425524,37.82218814678768,3.3763459659479094,0.014835153013000332,0.9965102157980148,-4475.1961878267875,-4510.988182587737
2,6,1,6.186451073448706,46998.23321376646,38.27217688417461,3.403582028593083,0.014938052955277782,0.996468696159312,-4491.720065140797,-4532.625202010453
2,6,2,6.189608720237461,47046.22250263744,38.311256109639615,3.39651334204131,0.014916195019396093,0.9964650903905732,-4494.973320346533,-4540.991599324897
2,7,2,6.156208956209498,46539.85989896723,37.898908712514036,3.391755854633287,0.014916106563547736,0.996503136931578,-4483.684606269162,-4534.816027356233
2,10,0,6.193115937802416,47099.553203408504,38.354685019062295,3.408521726012116,0.014987301378556292,0.9964610832844422,-4500.364569333769,-4556.609132529547
2,10,2,6.307830128631755,48860.54930409629,39.788720931674526,3.4708541400228046,0.0152332778129767,0.9963287674106621,-4547.440511536964,-4608.798216841448
3,1,0,6.128281377724016,46118.56248751841,37.555832644559,3.380735898444571,0.014869655996143372,0.9965347919335938,-4478.517638969384,-4544.988486382576
3,1,1,6.250707851900564,47979.61614196835,39.07134864981139,3.4623722875980247,0.015208910613570308,0.996394958040524,-4529.098216698341,-4600.682206220241
3,1,2,6.184548273560607,46969.32666334583,38.24863734800147,3.4371151064611407,0.015088603119187444,0.9964708681093097,-4504.964543871911,-4581.661675502517
3,2,0,6.2121473301877375,47389.4710270052,38.59077445195858,3.4468814861605432,0.01514535352357029,0.9964392997437866,-4517.9002637174035,-4599.710537456717
3,2,1,6.194352799374986,47118.368108637165,38.37000660312472,3.4042696620932555,0.014959360467592657,0.9964596695898721,-4494.855021757388,-4535.760158627045
3,2,2,6.2312228463862525,47680.95366210832,38.82813816132603,3.4578118248375462,0.015188075538099416,0.9964173986279691,-4517.430298397447,-4578.788003701931
3,3,0,6.224793805072038,47582.61512043445,38.74805791566325,3.456767975733191,0.015182209945270236,0.9964247874859358,-4516.895021300174,-4583.365868713367
3,3,1,6.25748226228102,48083.67147467123,39.15608426276161,3.4573243452829248,0.015189087826116473,0.9963871396403227,-4531.758546189549,-4603.342535711448
3,3,2,6.238323329302048,47789.68053600263,38.91667796091421,3.4503575897147107,0.015154704606039543,0.9964092292224167,-4526.227318863196,-4602.924450493802
3,4,0,6.194545396031734,47121.29819077549,38.37239266349796,3.4339093665851514,0.015077263189127988,0.9964594494324406,-4510.931383251615,-4592.741656990929
3,4,1,6.191859574936018,47080.44549475256,38.3391249957268,3.433782085182684,0.015078669625699787,0.9964625189793683,-4511.866283776839,-4598.789699624859
3,4,2,6.256719530112354,48071.950233984935,39.14653927848938,3.4743442977311587,0.015260046397697827,0.9963880203385835,-4521.459163098299,-4567.477442076663
3,5,0,6.260197911838097,48125.41565552919,39.190077895382075,3.4716375503593717,0.01524551042829679,0.9963840031099447,-4524.824180608073,-4575.955601695144
3,5,1,6.193345819327707,47103.04983359873,38.357532437784,3.4417518934317077,0.015112602705101641,0.9964608205583187,-4500.455731610335,-4556.700294806113
3,5,2,6.193771270201332,47109.52152841771,38.36280254757146,3.4298661038170923,0.01506193041475307,0.9964603342949168,-4502.624440332225,-4563.98214563671
3,6,0,6.225830009334711,47598.45802670289,38.76095930513259,3.440320921021229,0.015113952145341636,0.9964235970982993,-4517.303822933397,-4583.774670346589
3,6,1,6.174584667472851,46818.10886179112,38.12549581579081,3.420756591174628,0.015018026115287925,0.9964822301535164,-4499.004618532559,-4570.588608054459
3,6,2,6.25051497283457,47976.65515867259,39.06893742562915,3.45050722776699,0.015152356522169005,0.9963951805197742,-4531.022430354435,-4607.719561985041
3,7,0,6.2509743354943845,47983.70721561563,39.07468014300949,3.456239839461023,0.015193252331622224,0.996394650649733,-4533.202920000938,-4615.013193740252
3,7,1,6.24944364546476,47960.21033798736,39.055545877839876,3.4584953611700935,0.015202652535298095,0.9963964161334233,-4534.60144015646,-4621.52485600448
3,7,2,6.237577110375878,47778.24815928289,38.90736820788508,3.4492236328085712,0.015162040461461813,0.9964100882163205,-4531.933518236344,-4623.970076193072
3,8,0,6.296294690258363,48682.00534303491,39.64332682657561,3.4944626333138378,0.0153358858574287,0.9963421826591154,-4538.944992020568,-4590.0764131076385
3,9,0,6.174452603286389,46816.10615888253,38.123864950230065,3.4212845139458694,0.0150150875957615,0.9964823806305022,-4492.952088179812,-4549.19665137559
3,9,2,6.234578428067262,47732.32091978618,38.869968175721674,3.451973697123258,0.015186257484355307,0.9964135390489611,-4518.752525284618,-4580.110230589103
3,10,0,6.235794369816515,47750.94138699619,38.885131422635375,3.45545766549149,0.015171275888724769,0.9964121399638706,-4521.231476955756,-4587.702324368948
3,10,2,6.2454333281976675,47898.67719714957,39.00543745696217,3.4555326548480205,0.015175396522314989,0.9964010395458733,-4527.024899696406,-4598.608889218305
4,1,0,6.266651126155888,48224.68526177566,39.27091633695088,3.4734958357114976,0.015260381965274647,0.996376544294627,-4537.354600782922,-4614.051732413528
4,1,1,6.219549385226869,47502.47171387883,38.68279455527596,3.432830366410745,0.01506385182962785,0.9964308092169674,-4520.824956901388,-4602.635230640702
4,1,2,6.24274291612591,47857.4184354798,38.97183911684019,3.4500489909918874,0.015162284084199817,0.9964041396033347,-4531.96667437652,-4618.8900902245405
4,2,0,6.2524692018385535,48006.659735285866,39.09337111993963,3.4548616273642416,0.015183141364168191,0.9963929260674387,-4537.790180901954,-4629.826738858682
4,2,1,6.230964046452024,47676.99310036232,38.82491294817778,3.439521523545148,0.015114087500991866,0.9964176962124941,-4531.328291800365,-4628.4779918658
4,2,2,6.280441645858186,48437.1672439127,39.44394726702988,3.4738970193040584,0.015262624131405705,0.9963605790468232,-4534.753386086044,-4590.997949281822
4,3,0,6.224056539592775,47571.34440428244,38.738879808047585,3.45754364349039,0.015184542003771943,0.9964256343331578,-4514.604115076859,-4575.961820381343
4,3,1,6.254875517405724,48043.618382560584,39.12346773824151,3.464022026233766,0.015220178376031344,0.9963901491074523,-4528.7352114002015,-4595.206058813394
4,3,2,6.224383046241904,47576.33560819,38.74294430634367,3.4546303562213647,0.015182538079743466,0.9964252593093255,-4518.732950554579,-4590.316940076478
4,4,0,6.261264989925436,48141.823428553005,39.20343927406593,3.466002487517996,0.015224960305040945,0.9963827702799437,-4535.242780864193,-4611.9399124947995
4,4,1,6.2562064183894766,48064.06582438315,39.1401187494977,3.452436278388457,0.015164480497030843,0.9963886127490638,-4535.257739003362,-4617.068012742676
4,4,2,6.225721751429216,47596.80270859676,38.75961132621883,3.4413041315144866,0.015105765410738714,0.996423721473851,-4525.261116382277,-4612.184532230297
4,5,0,6.237607149610574,47778.70834612799,38.90774295287298,3.445631842762076,0.01514050874563566,0.996410053639285,-4531.945345935059,-4623.981903891787
4,5,1,6.24862328184562,47947.61970382359,39.045292918423165,3.454655572474872,0.015182475809078876,0.9963973621552573,-4538.279020207325,-4635.428720272759
4,5,2,6.23612133673708,47755.94905295116,38.889209326507434,3.4415926590362766,0.015117215751058753,0.9964117637031302,-4535.360251199581,-4637.623093373723
4,6,0,6.268943484911915,48259.973168100005,39.299652417019566,3.4651770727198854,0.0152280018697475,0.9963738928690177,-4532.252848268141,-4593.610553572626
4,6,1,6.234742664702118,47734.835764729825,38.872016095056935,3.4608389409846154,0.01519549477802415,0.9964133500911855,-4520.817222499845,-4587.288069913037
4,6,2,6.230423569753016,47668.72241027965,38.81817785853393,3.463618425528933,0.015217910417525578,0.996418317646911,-4521.115247986229,-4592.699237508129
4,7,0,6.242197132839817,47849.05075554691,38.96502504523364,3.472606411471532,0.015253461944082282,0.996404768325273,-4527.751944670774,-4604.44907630138
4,7,1,6.2482444321072075,47941.805817564506,39.04055848335873,3.454080478325016,0.015180038915423353,0.9963977989929312,-4532.130110099748,-4613.940383839062
4,7,2,6.073593704508809,45299.12771858742,36.888540487449,3.4087248085408803,0.014963548976085215,0.9965963617618373,-4464.5023628157,-4551.42577866372
4,8,0,6.089022421811883,45529.56629748659,37.076194053327825,3.41566855453837,0.014994169933076654,0.9965790473101428,-4472.733415350513,-4564.76997330724
4,8,1,6.2448772955868215,47890.14871255714,38.99849243693579,3.4479332289603564,0.0151492479298495,0.9964016803501832,-4536.806231620924,-4633.955931686359
4,8,2,6.242943435939042,47860.4928900426,38.974342744334336,3.4545754904035872,0.0152017940888884,0.9964039085981998,-4538.045560974695,-4640.308403148837
4,9,0,6.183345006915149,46951.0517227382,38.23375547454252,3.4048170255190833,0.014972031220712306,0.9964722412325857,-4516.486657650944,-4623.8626419337925
4,9,1,6.570574271310784,53015.7640009082,43.17244625481122,3.753793257424864,0.01419767122404314,0.9949337585922182,-4629.668637558516,-4645.0080638846375
4,9,2,6.769007084684505,56266.29308856108,45.819456912509054,3.873889126424462,0.014649919416071333,0.9946231346604235,-4704.74243627165,-4725.195004706478
4,10,0,6.581443262101921,53191.30556626359,43.315395412266824,3.757674006055585,0.01421256609723801,0.9949169836581218,-4637.727976346994,-4663.29368689053
4,10,1,6.517929892436414,52169.62758157545,42.48341008271612,3.7258479964091813,0.01408935978733639,0.9950146162662524,-4615.911560638812,-4646.590413291055
4,10,2,6.585286052173881,53253.4386536378,43.36599238895583,3.773628035981167,0.014268756284988587,0.9949110461558339,-4643.161573477978,-4678.953568238928
5,1,0,6.620157367466033,53818.92182397817,43.826483570014766,3.8339374923015273,0.014478298760864414,0.99485700799743,-4658.132610755093,-4699.0377476247495
5,1,1,6.562854425332091,52891.25947954804,43.071058208100986,3.7585765465939005,0.014214277333937536,0.9949456563734435,-4628.781357420903,-4649.233925855731
5,1,2,6.565706842799637,52937.245792379574,43.10850634558601,3.752202483906365,0.014190945383023304,0.9949412618736819,-4631.848578309386,-4657.414288852921
5,2,0,6.740080902294044,55786.4320193078,45.4286905694689,3.869520820017568,0.014613790832068591,0.994668990682021,-4698.224655560711,-4728.903508212953
5,2,1,6.596294976022076,53431.63990033233,43.51110741069407,3.7783903392632165,0.014273063647095432,0.9948940170598294,-4647.263952881451,-4683.0559476424005
5,2,2,6.5432909667120045,52576.39839696743,42.81465667505491,3.7441450271150063,0.01416150572652538,0.9949757448251395,-4629.449241284631,-4670.354378154288
5,3,0,6.6120468252571305,53687.13243341449,43.719163219392954,3.800006802700439,0.014350972493386288,0.9948696019283139,-4657.121850964891,-4703.140129943255
5,3,1,6.578019229338861,53135.97381334565,43.270336981551885,3.7732125315999525,0.01426613141121865,0.9949222712178332,-4636.449896081736,-4662.015606625272
5,3,2,6.561108427620449,52863.12058516227,43.04814379899206,3.7864715321814804,0.014315098281794982,0.994948345355383,-4632.127870291574,-4662.806722943817
5,4,0,6.564941936323058,52924.91210631599,43.09846262729318,3.7514268535515005,0.014188607410768021,0.9949424404935174,-4635.562437031798,-4671.354431792748
5,4,1,6.683871970268717,54859.849464351006,44.674144514943826,3.83713089647641,0.014510230709401124,0.9947575358722321,-4681.656951671027,-4722.562088540683
5,4,2,6.561639706676287,52871.682006203504,43.05511564023087,3.7521077126726796,0.01419047345668477,0.9949475272171064,-4638.326734332629,-4684.345013310993
5,5,0,6.576859874245448,53117.2453691047,43.255085805459856,3.7750131786394774,0.014270465142020322,0.9949240609273942,-4646.016995696354,-4697.148416783424
5,5,1,6.626434949810634,53921.03809692024,43.90964014407188,3.8436878446361424,0.014519628056839975,0.9948472496604498,-4666.460415978241,-4722.704979174019
5,5,2,6.598244334435505,53463.22514860578,43.536828296910265,3.7996079365748545,0.014352884705243025,0.994890998740737,-4645.989650715315,-4676.668503367558
5,6,0,6.579588594358792,53161.330895208026,43.29098607101637,3.77133025201839,0.014258534695423715,0.9949198480687843,-4641.035771654086,-4676.8277664150355
5,6,1,6.584791489903311,53245.44016963776,43.35947896550307,3.7747642308995806,0.014266733100067186,0.9949118104992628,-4644.977118233397,-4685.8822551030535
5,6,2,6.5527826169186625,52729.04291019824,42.9389600245914,3.762941565179697,0.014231133181149939,0.994961157957098,-4635.009315506951,-4681.027594485315
5,7,0,6.620495112032572,53824.41338893312,43.830955528447205,3.8033253155347166,0.01436244622703236,0.9948564832177859,-4662.257906794226,-4713.389327881297
5,7,1,6.564634908591858,52919.96186125027,43.09443148310283,3.763152503779718,0.014220581336837278,0.9949429135440715,-4643.447572688968,-4699.692135884746
5,7,2,6.647617178889955,54266.31978488544,44.190814157072865,3.8384442055040138,0.01449638143896958,0.9948142541841442,-4676.298805985009,-4737.656511289493
5,8,0,6.6548789113431095,54384.94356265699,44.28741332463927,3.8662597093840474,0.014592507180135501,0.994802918372877,-4680.980230065956,-4747.451077479148
5,8,1,6.656000151207162,54403.27107980407,44.30233801286975,3.8746421545775576,0.014622195849703453,0.994801166976325,-4683.393991636424,-4754.977981158324
5,8,2,6.636447405771589,54084.109160234984,44.042434169572445,3.8602634950051673,0.014567831330746793,0.9948316664204655,-4678.168598838088,-4754.865730468694
5,9,0,6.5787727945519325,53148.1488203094,43.28025148233666,3.8006175387490977,0.014356096735511597,0.994921107761537,-4640.731234596773,-4676.523229357723
5,9,1,6.585404086695888,53255.347697667064,43.367546985070845,3.799038626240915,0.014347015835029633,0.994910863725606,-4645.205594373313,-4686.110731242969
5,9,2,6.576153294504047,53105.83276365857,43.245792152816456,3.7731990265085877,0.014262824392771864,0.9949251515278102,-4643.753123103164,-4689.771402081528
5,10,0,6.610176667342503,53656.76688423251,43.69443557347926,3.782416857295401,0.0143060193653962,0.9948725036916957,-4658.42709521953,-4709.558516306601
5,10,1,6.5806964497324385,53179.23475760393,43.305565763521116,3.766484369645254,0.014232862042332319,0.9949181371571199,-4649.449272242405,-4705.693835438183
5,10,2,6.65727340968729,54424.08720063255,44.319289251329465,3.826107027037579,0.014448537986444979,0.9947991777662235,-4679.863766830697,-4741.221472135182
6,1,0,6.65657761310371,54412.71133766784,44.31002551927349,3.8398840966026713,0.014506011007277426,0.99480026485549,-4681.607060276311,-4748.077907689503
6,1,1,6.61907850280004,53801.38187780997,43.812200226229635,3.8529345167823874,0.014541399028769771,0.9948586841328823,-4669.732332120963,-4741.316321642863
6,1,2,6.6656064064685845,54560.41916459278,44.43030876595505,3.867746218067053,0.01459917753350848,0.9947861497423134,-4688.936051959146,-4765.633183589753
6,2,2,6.644870913781722,54221.49201788983,44.15430946082234,3.8606815962212773,0.014570286599020169,0.9948185379720637,-4683.283973072649,-4765.094246811963
6,3,2,6.579079063914856,53153.097472310124,43.28428132924279,3.81222358352776,0.014397178552116901,0.994920634863218,-4642.845568997793,-4683.750705867449
6,4,2,6.619185311977489,53803.118230598586,43.81361419429859,3.846095270594375,0.014521264940262391,0.9948585182052084,-4665.771963200008,-4727.129668504493
6,5,0,6.651525917263192,54330.154750413414,44.2427970280239,3.846814517473914,0.014531975783848348,0.9948081540486143,-4679.742487228479,-4746.213334641671
6,5,1,6.659867809674733,54466.51458959564,44.35383924234167,3.84925429522424,0.01453405963180883,0.994795123360919,-4684.820705913162,-4756.4046954350615
6,5,2,6.652856782470478,54351.89813598189,44.260503368063404,3.8514127963304072,0.01453113714989248,0.9948060762281322,-4684.233844856078,-4760.930976486684
6,6,0,6.690239257410506,54964.42202267512,44.75930132139659,3.899891875105694,0.014710856219507448,0.9947475428100726,-4699.995508325075,-4781.805782064389
6,6,1,6.591484708981786,53353.739581213566,43.44767066874076,3.8451682402521037,0.014509348599060718,0.9949014612951401,-4665.472291713756,-4752.395707561776
6,6,2,6.63393923600153,54043.235938387574,44.00914978696058,3.8538144588483325,0.014549783932226685,0.9948355723079482,-4665.240206140136,-4711.2584851185
6,7,0,6.654330955239482,54375.98792716212,44.28012046185842,3.8540623403401355,0.014540570352376634,0.9948037741826957,-4684.77799714533,-4761.475128775936
6,7,1,6.654682575948476,54381.73462918439,44.284800186632346,3.853835444426384,0.014542883715525343,0.9948032250218887,-4686.9077709199955,-4768.718044659309
6,7,2,6.636230039012308,54080.566332486465,44.03954913068932,3.848813711843949,0.014527183340149567,0.9948320049767606,-4682.088154969388,-4769.011570817408
6,8,0,6.6779876854935045,54763.29797989636,44.59551952760288,3.8844567159793955,0.014662391997805968,0.9947667624322515,-4699.493809007584,-4791.530366964312
6,8,1,6.64142367490609,54165.24835155262,44.10850842960318,3.86055617666439,0.014572346521205105,0.9948239126751673,-4670.0095140710055,-4721.140935158076
6,8,2,6.651456856134701,54329.02656347818,44.24187830902136,3.8667627428111313,0.014587842008931661,0.9948082618593282,-4675.716987062923,-4731.961550258701
6,9,0,6.646135595088655,54242.133331717836,44.17111834830442,3.8572999849615583,0.014555662070685869,0.9948165654667005,-4683.751365410036,-4765.5616391493495
6,9,1,6.628125334814694,53948.55181752723,43.93204545401239,3.8541945878751096,0.014541181897013566,0.9948446204207652,-4679.0868548043245,-4766.010270652345
6,9,2,6.690263255327793,54964.8163386236,44.75962242558923,3.8917080439451692,0.014679429293037472,0.9947475051288315,-4704.0043179919485,-4796.040875948676
6,10,0,6.636613244819804,54086.81222369807,44.04463536131764,3.8690102337902603,0.01459082092441721,0.9948314081129167,-4686.229971375012,-4783.379671440446
6,10,1,6.721817354263084,55484.513452120875,45.182828544072365,3.9220753695947557,0.014803257596181174,0.9946978423335191,-4701.56061745415,-4757.805180649928
6,10,2,6.673201507447177,54684.827344846206,44.53161835899535,3.8880341053355494,0.014659420832022844,0.9947742611675443,-4685.732939078256,-4747.090644382741
7,1,0,6.639875929329474,54140.00549425962,44.08795235688895,3.851790755167412,0.014543178996145592,0.9948263249087979,-4675.437090698796,-4741.907938111988
7,1,1,6.504418835570213,51953.566269103256,42.307464388520536,3.839579980710964,0.014491951036416187,0.9950352633094195,-4626.815219224016,-4698.3992087459155
7,1,2,6.634330014179331,54049.603057086,44.01433473704076,3.8501084650001713,0.014525572820593606,0.9948349638594799,-4681.38487477579,-4768.3082906238105
7,2,0,6.633637156777081,54038.31428730588,44.00514192777351,3.8570141266595352,0.014551361862087565,0.9948360426260313,-4683.128368596726,-4775.164926553454
7,2,2,6.648129951865604,54274.69192026407,44.19763185689256,3.8700232066757243,0.014597898282447418,0.9948134541342019,-4690.488245572935,-4787.637945638369
7,3,0,6.666779904831263,54579.63187973928,44.445954299461974,3.8695970224182084,0.014586530623910337,0.9947843137553223,-4699.36839946527,-4801.631241639412
7,4,0,6.643012837585316,54191.17282007704,44.12961956032331,3.874218900093126,0.014624604768520339,0.9948214353060605,-4674.597116496613,-4735.954821801098
7,5,0,6.641449187518854,54165.66449716488,44.10884731039484,3.872672828345714,0.014612925952562646,0.994823872907861,-4676.018948622941,-4742.489796036133
7,6,0,6.684193987214493,54865.13568970126,44.67844925871436,3.896598669972077,0.01469892844452964,0.9947570307150536,-4693.775274489225,-4765.359264011125
7,6,2,6.670356768241914,54638.2137623945,44.49365941563068,3.900167343089308,0.014724080735292964,0.9947787156098414,-4690.685740205266,-4767.382871835872
7,7,0,6.728051417893094,55587.47798286671,45.26667588181323,3.9377512940550274,0.01485039504970825,0.9946880029361431,-4713.83734767823,-4795.647621417544
7,7,1,6.642602683842016,54184.481270092976,44.12417041538516,3.855881577016018,0.014559574947559783,0.9948220747575189,-4684.445473150885,-4771.368888998905
7,7,2,6.645677504664105,54234.656221086196,44.165029495998546,3.86937292005641,0.014601900708988624,0.9948172799871493,-4687.5820777327735,-4779.618635689501
7,8,0,6.704421569076022,55197.70181119511,44.94926857589181,3.9048695823121804,0.014726870849933514,0.9947252503514714,-4711.1963522908845,-4808.346052356319
7,8,1,6.668131461705237,54601.763990036205,44.46397719058322,3.8924473581983396,0.014685595994704276,0.9947821987879019,-4699.866254097012,-4802.129096271154
7,8,2,6.661708646482997,54496.62864728912,44.37836209062639,3.879150519697215,0.014631616166117878,0.9947922456303248,-4699.499468707457,-4806.875452990305
7,9,0,8.558987440331702,89958.69465261213,73.25626600375583,4.956762400934475,0.01593541591160324,0.9904584160975467,-5278.987530377053,-5294.326956703175
7,9,1,8.661133080859372,92118.69782806985,75.01522624435663,5.0203522109201115,0.016139535824188724,0.990229312600572,-5310.124682493817,-5330.577250928645
7,9,2,8.570123942746749,90192.94595588246,73.44702439404107,4.96497705819252,0.01596166400251853,0.9904335699337263,-5286.181070680857,-5311.746781224393
7,10,0,8.54801719824913,89728.23837047924,73.06859802156289,4.992312556273512,0.016045967628790205,0.9904828597376008,-5281.837602167263,-5312.516454819505
7,10,1,8.600748569994748,90838.6916841195,73.97287596426676,4.990242069320978,0.01604840004628994,0.9903650780878918,-5298.941739565469,-5334.733734326419
7,10,2,8.636313161446388,91591.49136771855,74.58590502257215,5.101292166106235,0.016385185267698915,0.9902852314274824,-5311.07650173235,-5351.981638602007
8,1,0,8.565489198319685,90095.41919362031,73.3676052065312,4.965063540334458,0.015965624341611227,0.9904439142343906,-5282.852500469014,-5303.305068903842
8,1,1,8.556312256854138,89902.46874838103,73.21047943679247,4.962704017204622,0.015953131141528687,0.9904643797699275,-5282.219766938419,-5307.785477481954
8,1,2,8.498423915702265,88690.1007146037,72.22320905098023,4.933767567383964,0.01585036930901661,0.9905929711346602,-5267.5470596703035,-5298.225912322546
8,2,0,8.615278669637059,91145.87661015805,74.22302655550324,5.037759033505436,0.01616612888728733,0.9903324961261738,-5303.087403683907,-5338.879398444857
8,2,1,8.636447610600358,91594.3431620316,74.58822733064466,5.046190237265976,0.016208187775546785,0.9902849289482744,-5311.114736167077,-5352.019873036734
8,2,2,8.668708368557123,92279.90786872535,75.14650477909225,5.099437104246685,0.016371201372696383,0.9902122136516069,-5322.271835175503,-5368.290114153867
8,3,0,8.653962417052432,91966.22845334832,74.89106551575597,5.11842710060096,0.01644093135582404,0.9902454844596356,-5320.090486226316,-5371.2219073133865
8,3,2,8.761702412329667,94270.40301121047,76.76742916222365,5.183040308289477,0.016646129590881593,0.990001089240756,-5356.478393518308,-5422.9492409315
8,4,0,8.50914386820903,88913.99006621185,72.40552936987936,4.938945688481053,0.015884298313574755,0.9905692240244838,-5268.6431175167545,-5294.20882806029
8,4,2,8.550818883207466,89787.06638815651,73.11650357341739,5.0220007263094315,0.01613828411449212,0.9904766200687322,-5282.642445056741,-5313.321297708983
8,5,0,8.620123323054287,91248.41405652797,74.30652610466448,5.041212737189576,0.016177174502558303,0.9903216203608967,-5304.468104767772,-5340.260099528722
8,5,2,8.625968203268961,91372.1981009952,74.4073274438071,5.018729294893349,0.016121628314943647,0.9903084910480423,-5308.13283284079,-5349.037969710446
8,6,0,8.536479369379759,89486.17746928317,72.87148002384627,4.963086718180218,0.01595109111361312,0.9905085342364047,-5284.5203359078805,-5330.538614886244
8,6,2,8.565248781083135,90090.36164530703,73.36348668184603,5.004976842310437,0.016081952783546523,0.9904444506697153,-5294.783564182238,-5345.914985269308
8,7,0,8.593181760155433,90678.92495304755,73.84277276306801,5.025768964419108,0.01615522942451004,0.9903820239503816,-5304.780036475101,-5361.024599670879
8,7,1,8.721132066127486,93399.40146421995,76.05814451483714,5.170293322772432,0.016591583123102514,0.9900934731328508,-5345.079675621114,-5411.550523034306
8,7,2,8.72436351061483,93468.6289210468,76.11451866534757,5.161028853455071,0.016569988133294446,0.9900861304341799,-5347.98952971116,-5419.573519233059
8,8,0,8.616279290170036,91167.05009402965,74.24026880621304,5.059416118548634,0.01625944727563478,0.9903302503335504,-5301.372638952533,-5332.051491604775
8,8,1,8.62409651568253,91332.54999409964,74.37504071180749,5.061700905499765,0.016266270530196945,0.9903126963751646,-5305.599865016585,-5341.391859777535
8,8,2,8.562198126943933,90026.19874747182,73.31123676504217,5.036480970105711,0.01616940679826744,0.9904512561894651,-5289.9086635989415,-5330.813800468598
8,9,0,8.525677279613518,89259.8485374731,72.68717307611819,4.946799428239288,0.015911180099056375,0.9905325401037727,-5281.410537239842,-5327.428816218206
8,9,1,8.631522894790113,91489.91422947505,74.5031874832858,5.063728022259785,0.016253090479162707,0.9902960053364509,-5313.713864842433,-5364.845285929504
8,9,2,8.675272057724623,92419.70399836019,75.26034527553755,5.1238900257401685,0.01644872224147295,0.9901973859964781,-5328.130741951081,-5384.375305146859
8,10,0,8.667343310251004,92250.84759092049,75.12284005775287,5.126591631381659,0.016461755201617904,0.9902152959671071,-5327.885059308787,-5389.242764613272
8,10,1,8.687141780744883,92672.77888744144,75.46643231876334,5.169478884661508,0.016596864174487146,0.9901705432849748,-5335.48880547273,-5401.959652885922
8,10,2,8.713440162251077,93234.72045826774,75.92403946113012,5.171529845697195,0.01659435531100195,0.9901109402341856,-5344.9125657088425,-5416.496555230742
9,1,0,8.65996577342053,92093.8688376889,74.99500719681497,5.132491584597723,0.016476598701558775,0.9902319461191647,-5331.793651870613,-5408.490783501219
9,1,1,8.629658805049194,91450.40162043949,74.47101109156294,5.057193184738524,0.016251280101235548,0.9903001962918196,-5307.183402386141,-5342.975397147091
9,1,2,8.564829124916173,90081.53386910715,73.35629793901239,5.055560271111697,0.016243627751835944,0.9904453869990786,-5290.663228997319,-5331.568365866975
9,2,0,8.677700189710091,92471.44615530332,75.30248058249444,5.1155852915647015,0.016407910241820405,0.9901918978984829,-5324.818058464954,-5370.836337443318
9,2,1,8.535785154967293,89471.6234440413,72.85962821176008,4.986736576351872,0.016027128260301865,0.99051007792769,-5286.320597836166,-5337.452018923236
9,2,2,8.641894426380102,91709.91263178694,74.68233927669957,5.094759399289632,0.016355111156796942,0.9902726709247838,-5318.663192606887,-5374.907755802665
9,3,0,8.604002622060205,90907.44145587439,74.0288611204189,5.053274671591618,0.01623597323137978,0.9903577860554984,-5309.870779675243,-5371.228484979728
9,3,1,8.630560294906765,91469.50919293797,74.4865710040212,5.073101408053437,0.01629828836721713,0.9902981696227259,-5319.4399529060875,-5385.91080031928
9,3,2,8.670078040613236,92309.0709668377,75.17025323032392,5.156203599701812,0.016555028885606976,0.9902091204303395,-5332.6598570932365,-5404.243846615136
9,4,0,8.700171562080477,92950.98583743039,75.69298520963383,5.165916327500122,0.01658134713885559,0.9901410349093163,-5343.169782322876,-5419.866913953482
9,4,1,8.710437805053164,93170.48045599884,75.87172675569934,5.159328603447119,0.016568859467664145,0.9901177539321155,-5348.066165227284,-5429.876438966598
9,4,2,8.6422898878374,91718.30629265157,74.68917450541669,5.0712656364225355,0.0162997299549654,0.9902717806404183,-5312.77557897371,-5353.680715843367
9,5,0,8.666436479820268,92231.54490575669,75.1071212587595,5.117590985992472,0.016434345437513754,0.990217343331075,-5321.62808413466,-5367.646363113024
9,5,2,8.639860723942311,91666.75340816056,74.64719332912091,5.095833137837632,0.01636830627118055,0.9902772486629889,-5316.0851525679145,-5367.216573654985
9,6,0,8.549304768622951,89755.27156890932,73.09061202679926,5.014557916897576,0.016122275414802933,0.9904799924268648,-5292.207516572598,-5348.452079768376
9,6,2,8.650483364365614,91892.29907284015,74.83086243716627,5.125343713871085,0.016474872021821806,0.9902533258738502,-5323.102930355199,-5384.460635659683
9,7,0,8.675446024885643,92423.41066130465,75.26336373070414,5.116746316154165,0.016443191957630447,0.9901969928445363,-5332.1799921717875,-5398.65083958498
9,7,1,8.792345274717706,94930.95190785675,77.30533542985077,5.170802255018637,0.01660666230682373,0.9899310272779479,-5367.052934024333,-5438.6369235462325
9,7,2,8.71571349141909,93283.37652401181,75.96366166450471,5.172113270865958,0.01660334260403783,0.990105779466397,-5347.553250457996,-5424.250382088602
9,8,0,8.733039956969256,93654.63190094651,76.26598689002165,5.171959767622971,0.016601030822932836,0.990066401790432,-5354.43082678499,-5436.241100524304
9,8,1,8.716689208894746,93304.26369875947,75.98067076446208,5.167028043185511,0.016587003311151965,0.9901035640415167,-5351.828182395253,-5438.751598243273
9,8,2,8.64283444290838,91729.86509083878,74.69858720752342,5.0893236297309,0.016351811043943423,0.9902705546417181,-5314.930327904544,-5360.948606882908
9,9,0,8.642363329387981,91719.86513026034,74.6904439171501,5.063971732260171,0.016262661166166405,0.9902716153003154,-5316.796449794309,-5367.92787088138
9,9,1,8.695975679418636,92861.35142492561,75.61999301704036,5.162764484558069,0.016584555314827897,0.9901505420978183,-5339.9850271153855,-5411.569016637285
9,9,2,8.761295471383082,94261.64635768582,76.76029833687774,5.204234642582648,0.01670699986335574,0.9900020180264019,-5360.364320918215,-5437.061452548821
9,10,0,8.736855586595272,93736.4887243738,76.33264554102097,5.1939624932717186,0.01667787438816002,0.9900577195418542,-5355.503665084124,-5437.313938823438
9,10,1,8.740030377510488,93804.6248677619,76.38813099980618,5.178884952504723,0.016620092236525365,0.9900504925947377,-5358.395962097397,-5445.319377945418
9,10,2,8.722914467049655,93437.582789742,76.08923679946416,5.166163817785839,0.01658466648311698,0.9900894233817692,-5355.581574841773,-5447.6181327985005
10,1,0,8.676000476419564,92435.22467967031,75.2729842668325,5.126301226745927,0.016460207301716778,0.9901957397755817,-5326.336951185858,-5377.468372272929
10,1,1,8.689215196970972,92717.02178782516,75.50246073927123,5.144078257863222,0.016494604864031592,0.9901658506052096,-5332.074924908694,-5388.319488104472
10,1,2,8.71193662691615,93202.54726384307,75.89783979140313,5.146850706306714,0.016506673748418077,0.9901143527251649,-5340.48873753727,-5401.846442841755
10,2,0,8.72807439737337,93548.15913851178,76.17928268608445,5.154178195666755,0.016539264546282764,0.9900776949600364,-5347.033961218591,-5413.504808631783
10,2,1,8.726844084533054,93521.78782582046,76.15780767574957,5.175170788171291,0.016604949528634488,0.9900804920670158,-5348.687738078799,-5420.271727600699
10,2,2,8.724216930064534,93465.48816058866,76.11196104282459,5.1727777677619535,0.016597085607275314,0.9900864635629513,-5349.948265399397,-5426.645397030004
10,3,0,8.769246213085793,94432.80599094357,76.89967914571955,5.204543172530398,0.016703017959716935,0.9899838637611833,-5364.592092690724,-5446.402366430038
10,3,1,8.820323374134738,95536.07223304974,77.79810442430757,5.235836007412061,0.016800816707328695,0.9898668444174006,-5380.855757246196,-5467.779173094216
10,3,2,8.708223926196261,93123.12532909821,75.83316394877697,5.16175322818706,0.01656947047653106,0.9901227767141633,-5351.441859343661,-5443.478417300389
10,4,0,8.739166164673188,93786.07501162795,76.37302525376863,5.189561253901485,0.016657409689641384,0.9900524601089324,-5362.153101194149,-5459.302801259583
10,4,1,8.682801198688693,92580.19301350636,75.39103665594985,5.131679743790758,0.016474670612947162,0.990180363524005,-5330.261343786238,-5386.505906982016
10,4,2,8.723504229096717,93450.21797106387,76.09952603506825,5.178609930760018,0.016607981125006423,0.9900880832151163,-5343.7476210216055,-5405.10532632609
10,5,0,8.729692514343943,93582.84855305102,76.20753139499267,5.165858848101534,0.016571165539519483,0.9900740155829553,-5347.489242276153,-5413.960089689345
10,5,1,8.73437784780992,93683.32964484794,76.28935638831271,5.176531045460638,0.01661582669860145,0.9900633579275536,-5350.807054106946,-5422.391043628846
10,5,2,8.751468658444615,94050.31411871873,76.58820367973838,5.178939545522181,0.01661905849998543,0.9900244332503798,-5357.6080849601485,-5434.305216590755
10,6,0,8.727816357407077,93542.6278366685,76.17477836862265,5.168101957700386,0.016586986043648354,0.9900782816446346,-5352.961350067875,-5434.771623807189
10,6,1,8.759312987872566,94218.99261596198,76.72556401951297,5.1924862412912525,0.01666010865070763,0.990006542150023,-5363.808520640622,-5450.7319364886425
10,6,2,8.741506193977676,93836.30670232189,76.41393053935008,5.183205831164125,0.016637338639813516,0.9900471322204702,-5360.810640205033,-5452.847198161761
10,7,0,8.732821092207983,93649.93767261351,76.26216422851259,5.174319133491287,0.01660901753974908,0.9900668996897588,-5360.369274497105,-5457.518974562539
10,7,1,8.783618399941252,94742.59729642585,77.15195219578654,5.202588658869514,0.016691097688687134,0.9899510053504991,-5376.614011572164,-5478.876853746306
10,8,0,8.721508932253881,93407.47377201184,76.06471805538422,5.161083497695519,0.0165662269139935,0.9900926169332097,-5343.1858044128085,-5404.543509717293
10,8,1,8.68217305326849,92566.79832223507,75.38012892690149,5.145448741379299,0.016503788542801427,0.9901817842490511,-5334.083661385987,-5400.5545087991795
10,9,0,8.702941647695148,93010.1854008733,75.7411933231868,5.163206821073254,0.016564041024277536,0.9901347558319712,-5341.951634425439,-5413.5356239473385
10,9,1,8.73526097547965,93702.27513235787,76.30478430973766,5.17560174816465,0.016612978536764165,0.9900613484502113,-5353.055366230698,-5429.752497861305
10,10,0,8.711433019284758,93191.77212636729,75.88906524948479,5.17441160060583,0.0166022026451354,0.9901154956038902,-5348.346760368886,-5430.1570341082
10,10,1,8.716046228246801,93290.49915540453,75.96946185293528,5.1698185098842036,0.016585778436067615,0.9901050239953967,-5351.647010544425,-5438.570426392445
