SplitNumber,Transformer,Encoder,Model,Split,R2,MAE,MAPE,MSE,RMSE
0,StandardScaler,OneHotEncoder,LinearRegression,Train,0.5905433497612445,3616.313905169578,0.25769492559292756,21932434.95981096,4683.207763895486
0,StandardScaler,OneHotEncoder,LinearRegression,Test,0.6173476540481877,3549.239805974973,0.25683905998697704,19768957.996885125,4446.229638343607
0,StandardScaler,OneHotEncoder,DecisionTreeRegressor,Train,0.9999817009253373,0.8597630839240288,0.00010424572357330453,980.1849954828107,31.307906277533327
0,StandardScaler,OneHotEncoder,DecisionTreeRegressor,Test,0.8577822515462596,1457.4871494062893,0.09688486745017394,7347391.765233352,2710.607268719198
0,StandardScaler,OneHotEncoder,RandomForestRegressor,Train,0.9883430403999106,443.81593924004017,0.028807076049353186,624401.8948257992,790.1910495733289
0,StandardScaler,OneHotEncoder,RandomForestRegressor,Test,0.9258277300901004,1158.183706383583,0.07725728648826777,3831960.012515079,1957.5392748333504
0,StandardScaler,OneHotEncoder,SVR,Train,0.018729690161007118,5673.724293465783,0.4321828009036239,52561479.30675424,7249.929607020626
0,StandardScaler,OneHotEncoder,SVR,Test,0.017307577029581078,5689.020847202475,0.4399118461736723,50768812.576431766,7125.223686062899
0,StandardScaler,HelmertEncoder,LinearRegression,Train,0.5905433497612445,3616.313905169578,0.25769492559292756,21932434.95981096,4683.207763895486
0,StandardScaler,HelmertEncoder,LinearRegression,Test,0.6173476540481877,3549.239805974973,0.25683905998697704,19768957.996885125,4446.229638343607
0,StandardScaler,HelmertEncoder,DecisionTreeRegressor,Train,0.9999817009253373,0.8597630839240288,0.00010424572357330453,980.1849954828107,31.307906277533327
0,StandardScaler,HelmertEncoder,DecisionTreeRegressor,Test,0.8435057965793595,1497.5893317944544,0.09885058418626066,8084955.879424385,2843.405683229951
0,StandardScaler,HelmertEncoder,RandomForestRegressor,Train,0.9878090275890069,449.5590291829355,0.02901516806141572,653006.1469145662,808.0879574121657
0,StandardScaler,HelmertEncoder,RandomForestRegressor,Test,0.9289452860738787,1141.901395938248,0.07597792737627042,3670897.800435996,1915.958715744156
0,StandardScaler,HelmertEncoder,SVR,Train,0.018729690161007118,5673.724293465783,0.4321828009036239,52561479.30675424,7249.929607020626
0,StandardScaler,HelmertEncoder,SVR,Test,0.017307577029581078,5689.020847202475,0.4399118461736723,50768812.576431766,7125.223686062899
0,StandardScaler,SumEncoder,LinearRegression,Train,0.5905433497612445,3616.313905169578,0.25769492559292756,21932434.95981096,4683.207763895486
0,StandardScaler,SumEncoder,LinearRegression,Test,0.6173476540481877,3549.239805974973,0.25683905998697704,19768957.996885125,4446.229638343607
0,StandardScaler,SumEncoder,DecisionTreeRegressor,Train,0.9999817009253373,0.8597630839240288,0.00010424572357330453,980.1849954828107,31.307906277533327
0,StandardScaler,SumEncoder,DecisionTreeRegressor,Test,0.8470387076834205,1460.9106141808875,0.09634590821065547,7902435.186785786,2811.1270314209896
0,StandardScaler,SumEncoder,RandomForestRegressor,Train,0.9880129456238164,444.1812394540674,0.02870863707198573,642083.3324164207,801.3010248442346
0,StandardScaler,SumEncoder,RandomForestRegressor,Test,0.927482616275368,1146.0025258812925,0.07687782431895898,3746463.671430842,1935.5783816293367
0,StandardScaler,SumEncoder,SVR,Train,0.018729690161007118,5673.724293465783,0.4321828009036239,52561479.30675424,7249.929607020626
0,StandardScaler,SumEncoder,SVR,Test,0.017307577029581078,5689.020847202475,0.4399118461736723,50768812.576431766,7125.223686062899
0,MinMaxScaler,OneHotEncoder,LinearRegression,Train,0.5905433497612445,3616.313905169578,0.2576949255929276,21932434.959810957,4683.207763895486
0,MinMaxScaler,OneHotEncoder,LinearRegression,Test,0.6173476540481878,3549.239805974973,0.25683905998697715,19768957.996885125,4446.229638343607
0,MinMaxScaler,OneHotEncoder,DecisionTreeRegressor,Train,0.9999817009253373,0.8597630839240288,0.00010424572357330453,980.1849954828107,31.307906277533327
0,MinMaxScaler,OneHotEncoder,DecisionTreeRegressor,Test,0.8673669538501704,1438.826009031652,0.09539800105269497,6852217.54439499,2617.674071460194
0,MinMaxScaler,OneHotEncoder,RandomForestRegressor,Train,0.9877365443921968,448.2044291545383,0.029013485109475434,656888.6897888582,810.4866993287787
0,MinMaxScaler,OneHotEncoder,RandomForestRegressor,Test,0.9281925988278358,1145.030622815917,0.07633009003235809,3709783.8616590127,1926.0799208908784
0,MinMaxScaler,OneHotEncoder,SVR,Train,0.04060265618752967,5597.751571151794,0.4258133208763149,51389859.78494374,7168.672107506643
0,MinMaxScaler,OneHotEncoder,SVR,Test,0.04036085129674949,5608.673269142664,0.4331172166312456,49577811.87958587,7041.151317759466
0,MinMaxScaler,HelmertEncoder,LinearRegression,Train,0.5905433497612445,3616.313905169578,0.2576949255929276,21932434.959810957,4683.207763895486
0,MinMaxScaler,HelmertEncoder,LinearRegression,Test,0.6173476540481878,3549.239805974973,0.25683905998697715,19768957.996885125,4446.229638343607
0,MinMaxScaler,HelmertEncoder,DecisionTreeRegressor,Train,0.9999817009253373,0.8597630839240288,0.00010424572357330453,980.1849954828107,31.307906277533327
0,MinMaxScaler,HelmertEncoder,DecisionTreeRegressor,Test,0.8637707298799421,1449.7197013397843,0.0964284163473881,7038009.16795866,2652.924644229206
0,MinMaxScaler,HelmertEncoder,RandomForestRegressor,Train,0.9880451886914692,443.8667463884161,0.028707133938595378,640356.2411998356,800.2226197751695
0,MinMaxScaler,HelmertEncoder,RandomForestRegressor,Test,0.9278412038457275,1151.1170018549258,0.07659447873505859,3727937.9712969232,1930.7868787872274
0,MinMaxScaler,HelmertEncoder,SVR,Train,0.04060265618752967,5597.751571151794,0.4258133208763149,51389859.78494374,7168.672107506643
0,MinMaxScaler,HelmertEncoder,SVR,Test,0.04036085129674949,5608.673269142664,0.4331172166312456,49577811.87958587,7041.151317759466
0,MinMaxScaler,SumEncoder,LinearRegression,Train,0.5905433497612445,3616.313905169578,0.2576949255929276,21932434.959810957,4683.207763895486
0,MinMaxScaler,SumEncoder,LinearRegression,Test,0.6173476540481878,3549.239805974973,0.25683905998697715,19768957.996885125,4446.229638343607
0,MinMaxScaler,SumEncoder,DecisionTreeRegressor,Train,0.9999817009253373,0.8597630839240288,0.00010424572357330453,980.1849954828107,31.307906277533327
0,MinMaxScaler,SumEncoder,DecisionTreeRegressor,Test,0.8493266671303757,1458.721110911365,0.09606776082908869,7784232.398578834,2790.023727242984
0,MinMaxScaler,SumEncoder,RandomForestRegressor,Train,0.9881022896786943,443.80556735560884,0.028678087838750352,637297.6422303825,798.309239725047
0,MinMaxScaler,SumEncoder,RandomForestRegressor,Test,0.9286268765993068,1140.2074453377486,0.07589935859527447,3687347.7806731863,1920.2468020213407
0,MinMaxScaler,SumEncoder,SVR,Train,0.04060265618752967,5597.751571151794,0.4258133208763149,51389859.78494374,7168.672107506643
0,MinMaxScaler,SumEncoder,SVR,Test,0.04036085129674949,5608.673269142664,0.4331172166312456,49577811.87958587,7041.151317759466
0,RobustScaler,OneHotEncoder,LinearRegression,Train,0.5905433497612445,3616.313905169578,0.25769492559292756,21932434.95981096,4683.207763895486
0,RobustScaler,OneHotEncoder,LinearRegression,Test,0.6173476540481877,3549.2398059749735,0.25683905998697704,19768957.996885125,4446.229638343607
0,RobustScaler,OneHotEncoder,DecisionTreeRegressor,Train,0.9999817009253373,0.8597630839240288,0.00010424572357330453,980.1849954828107,31.307906277533327
0,RobustScaler,OneHotEncoder,DecisionTreeRegressor,Test,0.846496436619896,1488.1416773973115,0.0973458137730342,7930450.5223538345,2816.105559519003
0,RobustScaler,OneHotEncoder,RandomForestRegressor,Train,0.9879179658850089,445.6804673251746,0.028813362147040097,647170.8964911035,804.4693260100745
0,RobustScaler,OneHotEncoder,RandomForestRegressor,Test,0.9272033925918582,1140.924627907593,0.07610400127907464,3760889.1971840137,1939.301213629284
0,RobustScaler,OneHotEncoder,SVR,Train,0.0011832237459172834,5735.243399500357,0.4370753989285273,53501351.044578165,7314.461774086878
0,RobustScaler,OneHotEncoder,SVR,Test,-0.0008999322522058595,5751.454223332647,0.44478648434351564,51709466.645399295,7190.929470200587
0,RobustScaler,HelmertEncoder,LinearRegression,Train,0.5905433497612445,3616.313905169578,0.25769492559292756,21932434.95981096,4683.207763895486
0,RobustScaler,HelmertEncoder,LinearRegression,Test,0.6173476540481877,3549.2398059749735,0.25683905998697704,19768957.996885125,4446.229638343607
0,RobustScaler,HelmertEncoder,DecisionTreeRegressor,Train,0.9999817009253373,0.8597630839240288,0.00010424572357330453,980.1849954828107,31.307906277533327
0,RobustScaler,HelmertEncoder,DecisionTreeRegressor,Test,0.8649988461661439,1428.245213502239,0.09510422389581297,6974561.028847365,2640.9394216542273
0,RobustScaler,HelmertEncoder,RandomForestRegressor,Train,0.9880536353947564,445.1552820460422,0.02865435385120971,639903.7958179731,799.9398701264821
0,RobustScaler,HelmertEncoder,RandomForestRegressor,Test,0.925991437305219,1151.7970391370172,0.07635151061756128,3823502.4110036716,1955.3778179686071
0,RobustScaler,HelmertEncoder,SVR,Train,0.0011832237459172834,5735.243399500357,0.4370753989285273,53501351.044578165,7314.461774086878
0,RobustScaler,HelmertEncoder,SVR,Test,-0.0008999322522058595,5751.454223332647,0.44478648434351564,51709466.645399295,7190.929470200587
0,RobustScaler,SumEncoder,LinearRegression,Train,0.5905433497612445,3616.313905169578,0.25769492559292756,21932434.95981096,4683.207763895486
0,RobustScaler,SumEncoder,LinearRegression,Test,0.6173476540481877,3549.2398059749735,0.25683905998697704,19768957.996885125,4446.229638343607
0,RobustScaler,SumEncoder,DecisionTreeRegressor,Train,0.9999817009253373,0.8597630839240288,0.00010424572357330453,980.1849954828107,31.307906277533327
0,RobustScaler,SumEncoder,DecisionTreeRegressor,Test,0.8703617604607898,1405.6979503228222,0.09343323654914072,6697496.929924781,2587.9522657740004
0,RobustScaler,SumEncoder,RandomForestRegressor,Train,0.9877909209291525,447.6155918419054,0.02893716528840062,653976.0252627727,808.6878416686952
0,RobustScaler,SumEncoder,RandomForestRegressor,Test,0.9273650360114769,1140.6289618096757,0.07594817317637453,3752538.217484766,1937.1469271804774
0,RobustScaler,SumEncoder,SVR,Train,0.0011832237459172834,5735.243399500357,0.4370753989285273,53501351.044578165,7314.461774086878
0,RobustScaler,SumEncoder,SVR,Test,-0.0008999322522058595,5751.454223332647,0.44478648434351564,51709466.645399295,7190.929470200587
1,StandardScaler,OneHotEncoder,LinearRegression,Train,0.5986062639719784,3603.6341264209223,0.2569861567079355,21446061.73537113,4630.989282580033
1,StandardScaler,OneHotEncoder,LinearRegression,Test,0.5835295011863906,3583.534198572095,0.259534926581643,21724845.62177477,4660.991913935784
1,StandardScaler,OneHotEncoder,DecisionTreeRegressor,Train,1.0,0.0,0.0,0.0,0.0
1,StandardScaler,OneHotEncoder,DecisionTreeRegressor,Test,0.8305550369213064,1578.1035990168098,0.0998248798930657,8838959.00131799,2973.0386814365515
1,StandardScaler,OneHotEncoder,RandomForestRegressor,Train,0.9888257894586612,434.2523448429999,0.02845912603157955,597026.7784568954,772.6750794848346
1,StandardScaler,OneHotEncoder,RandomForestRegressor,Test,0.899021598014953,1218.9546604069667,0.078537318669504,5267456.39969199,2295.0939849365623
1,StandardScaler,OneHotEncoder,SVR,Train,0.020965629049322865,5695.103818378742,0.43493996323998585,52308817.19338212,7232.483473426131
1,StandardScaler,OneHotEncoder,SVR,Test,0.03063705768404268,5590.425859055794,0.43921702415969394,50566031.28738913,7110.979629234577
1,StandardScaler,HelmertEncoder,LinearRegression,Train,0.5986062639719784,3603.6341264209223,0.2569861567079355,21446061.73537113,4630.989282580033
1,StandardScaler,HelmertEncoder,LinearRegression,Test,0.5835295011863906,3583.534198572095,0.259534926581643,21724845.62177477,4660.991913935784
1,StandardScaler,HelmertEncoder,DecisionTreeRegressor,Train,1.0,0.0,0.0,0.0,0.0
1,StandardScaler,HelmertEncoder,DecisionTreeRegressor,Test,0.8170772968084222,1618.9007213232917,0.10157037003178525,9542014.377669748,3089.01511450976
1,StandardScaler,HelmertEncoder,RandomForestRegressor,Train,0.9889664797345025,435.6828524717856,0.028449549949088927,589509.839176487,767.7954409714133
1,StandardScaler,HelmertEncoder,RandomForestRegressor,Test,0.8992774423772999,1219.2933915285832,0.07870842171926168,5254110.486137434,2292.184653586494
1,StandardScaler,HelmertEncoder,SVR,Train,0.020965629049322865,5695.103818378742,0.43493996323998585,52308817.19338212,7232.483473426131
1,StandardScaler,HelmertEncoder,SVR,Test,0.03063705768404268,5590.425859055794,0.43921702415969394,50566031.28738913,7110.979629234577
1,StandardScaler,SumEncoder,LinearRegression,Train,0.5986062639719784,3603.6341264209223,0.2569861567079355,21446061.73537113,4630.989282580033
1,StandardScaler,SumEncoder,LinearRegression,Test,0.5835295011863906,3583.534198572095,0.259534926581643,21724845.62177477,4660.991913935784
1,StandardScaler,SumEncoder,DecisionTreeRegressor,Train,1.0,0.0,0.0,0.0,0.0
1,StandardScaler,SumEncoder,DecisionTreeRegressor,Test,0.813415018741181,1617.640368794193,0.10084361263649591,9733054.141257988,3119.78431005382
1,StandardScaler,SumEncoder,RandomForestRegressor,Train,0.9892026912131885,430.9426146787018,0.02823073605407867,576889.2985456525,759.5322893370976
1,StandardScaler,SumEncoder,RandomForestRegressor,Test,0.9004889943199076,1220.6525699783292,0.07920658331177506,5190910.86217633,2278.357053268063
1,StandardScaler,SumEncoder,SVR,Train,0.020965629049322865,5695.103818378742,0.43493996323998585,52308817.19338212,7232.483473426131
1,StandardScaler,SumEncoder,SVR,Test,0.03063705768404268,5590.425859055794,0.43921702415969394,50566031.28738913,7110.979629234577
1,MinMaxScaler,OneHotEncoder,LinearRegression,Train,0.5986062639719782,3603.6341264209223,0.2569861567079354,21446061.735371135,4630.989282580033
1,MinMaxScaler,OneHotEncoder,LinearRegression,Test,0.5835295011863906,3583.5341985720943,0.2595349265816429,21724845.62177477,4660.991913935784
1,MinMaxScaler,OneHotEncoder,DecisionTreeRegressor,Train,1.0,0.0,0.0,0.0,0.0
1,MinMaxScaler,OneHotEncoder,DecisionTreeRegressor,Test,0.8300797728994092,1573.2204134614358,0.09904424880757941,8863750.763362866,2977.205193358843
1,MinMaxScaler,OneHotEncoder,RandomForestRegressor,Train,0.9893294808936496,431.4406522613517,0.028229608555397086,570115.0540308214,755.059636075735
1,MinMaxScaler,OneHotEncoder,RandomForestRegressor,Test,0.8992170957118368,1226.0038571668667,0.07919471048158129,5257258.420972456,2292.871217703353
1,MinMaxScaler,OneHotEncoder,SVR,Train,0.04343844046796641,5614.830607054762,0.42803091598047155,51108117.5865055,7148.9941660701825
1,MinMaxScaler,OneHotEncoder,SVR,Test,0.052724355244828436,5514.660835803125,0.4324291204190853,49413865.33307258,7029.499650264774
1,MinMaxScaler,HelmertEncoder,LinearRegression,Train,0.5986062639719782,3603.6341264209223,0.2569861567079354,21446061.735371135,4630.989282580033
1,MinMaxScaler,HelmertEncoder,LinearRegression,Test,0.5835295011863906,3583.5341985720943,0.2595349265816429,21724845.62177477,4660.991913935784
1,MinMaxScaler,HelmertEncoder,DecisionTreeRegressor,Train,1.0,0.0,0.0,0.0,0.0
1,MinMaxScaler,HelmertEncoder,DecisionTreeRegressor,Test,0.836393562231571,1550.700089467786,0.09792967534984832,8534397.066233382,2921.3690397197993
1,MinMaxScaler,HelmertEncoder,RandomForestRegressor,Train,0.9888023936012313,434.2230574881328,0.028378697273371962,598276.7954794753,773.4835457070017
1,MinMaxScaler,HelmertEncoder,RandomForestRegressor,Test,0.9005611730488768,1210.0083709279365,0.07822111671907808,5187145.717349745,2277.5306183122425
1,MinMaxScaler,HelmertEncoder,SVR,Train,0.04343844046796641,5614.830607054762,0.42803091598047155,51108117.5865055,7148.9941660701825
1,MinMaxScaler,HelmertEncoder,SVR,Test,0.052724355244828436,5514.660835803125,0.4324291204190853,49413865.33307258,7029.499650264774
1,MinMaxScaler,SumEncoder,LinearRegression,Train,0.5986062639719782,3603.6341264209223,0.2569861567079354,21446061.735371135,4630.989282580033
1,MinMaxScaler,SumEncoder,LinearRegression,Test,0.5835295011863906,3583.5341985720943,0.2595349265816429,21724845.62177477,4660.991913935784
1,MinMaxScaler,SumEncoder,DecisionTreeRegressor,Train,1.0,0.0,0.0,0.0,0.0
1,MinMaxScaler,SumEncoder,DecisionTreeRegressor,Test,0.8138530389251113,1617.1333604005972,0.10115317740917464,9710205.17379879,3116.1202117053813
1,MinMaxScaler,SumEncoder,RandomForestRegressor,Train,0.9889988663762919,432.45654809826436,0.02839635781066638,587779.4536301439,766.6677596130829
1,MinMaxScaler,SumEncoder,RandomForestRegressor,Test,0.9009802145215043,1218.9708408135127,0.07933061789916898,5165286.75896521,2272.726723335916
1,MinMaxScaler,SumEncoder,SVR,Train,0.04343844046796641,5614.830607054762,0.42803091598047155,51108117.5865055,7148.9941660701825
1,MinMaxScaler,SumEncoder,SVR,Test,0.052724355244828436,5514.660835803125,0.4324291204190853,49413865.33307258,7029.499650264774
1,RobustScaler,OneHotEncoder,LinearRegression,Train,0.5986062639719784,3603.6341264209223,0.2569861567079355,21446061.73537113,4630.989282580033
1,RobustScaler,OneHotEncoder,LinearRegression,Test,0.5835295011863906,3583.534198572095,0.25953492658164296,21724845.62177477,4660.991913935784
1,RobustScaler,OneHotEncoder,DecisionTreeRegressor,Train,1.0,0.0,0.0,0.0,0.0
1,RobustScaler,OneHotEncoder,DecisionTreeRegressor,Test,0.8101101494601696,1646.2826261780551,0.10335221571228619,9905449.965535212,3147.2924817269864
1,RobustScaler,OneHotEncoder,RandomForestRegressor,Train,0.9890083826449966,433.82700867489524,0.028394384551297155,587271.0090087802,766.3360940271443
1,RobustScaler,OneHotEncoder,RandomForestRegressor,Test,0.8984725701587108,1222.378056972319,0.07899744763574966,5296095.992299129,2301.3248341551284
1,RobustScaler,OneHotEncoder,SVR,Train,0.0034440750467177317,5758.900428921637,0.440312816994656,53244976.11942295,7296.915520918613
1,RobustScaler,OneHotEncoder,SVR,Test,0.013827940706747865,5649.259020322691,0.4444104784323055,51442865.23459632,7172.368174779954
1,RobustScaler,HelmertEncoder,LinearRegression,Train,0.5986062639719784,3603.6341264209223,0.2569861567079355,21446061.73537113,4630.989282580033
1,RobustScaler,HelmertEncoder,LinearRegression,Test,0.5835295011863906,3583.534198572095,0.25953492658164296,21724845.62177477,4660.991913935784
1,RobustScaler,HelmertEncoder,DecisionTreeRegressor,Train,1.0,0.0,0.0,0.0,0.0
1,RobustScaler,HelmertEncoder,DecisionTreeRegressor,Test,0.8270147846764416,1591.5195845273415,0.10039615004655628,9023633.386900937,3003.9363153870186
1,RobustScaler,HelmertEncoder,RandomForestRegressor,Train,0.988875963874526,432.84260005901217,0.028421751312544912,594346.0101150132,770.9383957976236
1,RobustScaler,HelmertEncoder,RandomForestRegressor,Test,0.8990554372076258,1222.8036146416005,0.07904051452169172,5265691.205665336,2294.7093945999645
1,RobustScaler,HelmertEncoder,SVR,Train,0.0034440750467177317,5758.900428921637,0.440312816994656,53244976.11942295,7296.915520918613
1,RobustScaler,HelmertEncoder,SVR,Test,0.013827940706747865,5649.259020322691,0.4444104784323055,51442865.23459632,7172.368174779954
1,RobustScaler,SumEncoder,LinearRegression,Train,0.5986062639719784,3603.6341264209223,0.2569861567079355,21446061.73537113,4630.989282580033
1,RobustScaler,SumEncoder,LinearRegression,Test,0.5835295011863906,3583.534198572095,0.25953492658164296,21724845.62177477,4660.991913935784
1,RobustScaler,SumEncoder,DecisionTreeRegressor,Train,1.0,0.0,0.0,0.0,0.0
1,RobustScaler,SumEncoder,DecisionTreeRegressor,Test,0.8243927435596281,1584.4329249380132,0.09910384480735068,9160410.034080004,3026.6169288629844
1,RobustScaler,SumEncoder,RandomForestRegressor,Train,0.989071033477015,433.8219719872813,0.02841478696803018,583923.638358372,764.1489634609027
1,RobustScaler,SumEncoder,RandomForestRegressor,Test,0.8984668713084496,1229.4489221499175,0.07948118092855193,5296393.26819862,2301.3894212407035
1,RobustScaler,SumEncoder,SVR,Train,0.0034440750467177317,5758.900428921637,0.440312816994656,53244976.11942295,7296.915520918613
1,RobustScaler,SumEncoder,SVR,Test,0.013827940706747865,5649.259020322691,0.4444104784323055,51442865.23459632,7172.368174779954
2,StandardScaler,OneHotEncoder,LinearRegression,Train,0.5980752993736314,3616.780865785869,0.257848742907137,21642473.834672756,4652.147228396018
2,StandardScaler,OneHotEncoder,LinearRegression,Test,0.5852204955274747,3553.5992056115474,0.25614309512865013,20946798.97705668,4576.767306413631
2,StandardScaler,OneHotEncoder,DecisionTreeRegressor,Train,1.0,0.0,0.0,0.0,0.0
2,StandardScaler,OneHotEncoder,DecisionTreeRegressor,Test,0.8459455737164495,1550.6622611323655,0.10012962358433926,7779909.7209275905,2789.2489528415335
2,StandardScaler,OneHotEncoder,RandomForestRegressor,Train,0.9882289455214547,434.66282399391486,0.027978128138544854,633836.9803134962,796.1387946291126
2,StandardScaler,OneHotEncoder,RandomForestRegressor,Test,0.8958036036376851,1278.016076231167,0.08244688476715517,5262027.041357109,2293.9108616851504
2,StandardScaler,OneHotEncoder,SVR,Train,0.0237261744303936,5720.589909706238,0.4401040943253742,52569500.437365994,7250.482772710104
2,StandardScaler,OneHotEncoder,SVR,Test,0.030103748816230458,5493.1875935644775,0.4261996778661762,48980775.52791191,6998.626688709143
2,StandardScaler,HelmertEncoder,LinearRegression,Train,0.5980752993736314,3616.780865785869,0.257848742907137,21642473.834672756,4652.147228396018
2,StandardScaler,HelmertEncoder,LinearRegression,Test,0.5852204955274747,3553.5992056115474,0.25614309512865013,20946798.97705668,4576.767306413631
2,StandardScaler,HelmertEncoder,DecisionTreeRegressor,Train,1.0,0.0,0.0,0.0,0.0
2,StandardScaler,HelmertEncoder,DecisionTreeRegressor,Test,0.8212117126259696,1604.2336988401703,0.10240001543002505,9028995.586073192,3004.828711602908
2,StandardScaler,HelmertEncoder,RandomForestRegressor,Train,0.9883858520369373,433.5570316460585,0.02819777260351378,625388.0217137177,790.8147834440867
2,StandardScaler,HelmertEncoder,RandomForestRegressor,Test,0.8958893229043315,1269.3426692811888,0.08202692085191572,5257698.128699802,2292.9671015301988
2,StandardScaler,HelmertEncoder,SVR,Train,0.0237261744303936,5720.589909706238,0.4401040943253742,52569500.437365994,7250.482772710104
2,StandardScaler,HelmertEncoder,SVR,Test,0.030103748816230458,5493.1875935644775,0.4261996778661762,48980775.52791191,6998.626688709143
2,StandardScaler,SumEncoder,LinearRegression,Train,0.5980752993736314,3616.780865785869,0.257848742907137,21642473.834672756,4652.147228396018
2,StandardScaler,SumEncoder,LinearRegression,Test,0.5852204955274747,3553.5992056115474,0.25614309512865013,20946798.97705668,4576.767306413631
2,StandardScaler,SumEncoder,DecisionTreeRegressor,Train,1.0,0.0,0.0,0.0,0.0
2,StandardScaler,SumEncoder,DecisionTreeRegressor,Test,0.8289119156151619,1594.9025647431245,0.10322024485266078,8640127.278073596,2939.4093417000627
2,StandardScaler,SumEncoder,RandomForestRegressor,Train,0.9883149040845267,433.11026226916425,0.028146256626990246,629208.362193604,793.2265516191475
2,StandardScaler,SumEncoder,RandomForestRegressor,Test,0.9007393165937609,1262.3481368949654,0.08162854518820371,5012768.372631778,2238.921251994312
2,StandardScaler,SumEncoder,SVR,Train,0.0237261744303936,5720.589909706238,0.4401040943253742,52569500.437365994,7250.482772710104
2,StandardScaler,SumEncoder,SVR,Test,0.030103748816230458,5493.1875935644775,0.4261996778661762,48980775.52791191,6998.626688709143
2,MinMaxScaler,OneHotEncoder,LinearRegression,Train,0.5980752993736314,3616.7808657858686,0.2578487429071368,21642473.83467276,4652.147228396019
2,MinMaxScaler,OneHotEncoder,LinearRegression,Test,0.5852204955274746,3553.5992056115474,0.25614309512864997,20946798.97705669,4576.767306413632
2,MinMaxScaler,OneHotEncoder,DecisionTreeRegressor,Train,1.0,0.0,0.0,0.0,0.0
2,MinMaxScaler,OneHotEncoder,DecisionTreeRegressor,Test,0.8230782925350648,1583.2164595576726,0.10035660559759196,8934731.347583024,2989.1020972163237
2,MinMaxScaler,OneHotEncoder,RandomForestRegressor,Train,0.9885250846477213,429.7866162687458,0.02796371575081906,617890.7513764414,786.0602721016
2,MinMaxScaler,OneHotEncoder,RandomForestRegressor,Test,0.8949865965679236,1282.446516850027,0.08284352130172742,5303286.753248835,2302.886613198495
2,MinMaxScaler,OneHotEncoder,SVR,Train,0.0473083603925889,5639.6178474527605,0.43365764790177425,51299668.44680703,7162.378686358815
2,MinMaxScaler,OneHotEncoder,SVR,Test,0.05416328826172678,5414.093554541768,0.4198866628382274,47765743.611409,6911.276554400713
2,MinMaxScaler,HelmertEncoder,LinearRegression,Train,0.5980752993736314,3616.7808657858686,0.2578487429071368,21642473.83467276,4652.147228396019
2,MinMaxScaler,HelmertEncoder,LinearRegression,Test,0.5852204955274746,3553.5992056115474,0.25614309512864997,20946798.97705669,4576.767306413632
2,MinMaxScaler,HelmertEncoder,DecisionTreeRegressor,Train,1.0,0.0,0.0,0.0,0.0
2,MinMaxScaler,HelmertEncoder,DecisionTreeRegressor,Test,0.8292413194582411,1596.1447680927497,0.10295451743168556,8623492.039329037,2936.5782876213325
2,MinMaxScaler,HelmertEncoder,RandomForestRegressor,Train,0.9886102447160046,430.8200380887597,0.028047033328619648,613305.1298739319,783.13800180679
2,MinMaxScaler,HelmertEncoder,RandomForestRegressor,Test,0.8985935203968134,1276.250361255911,0.08279394758913641,5121133.325814196,2262.9921179301964
2,MinMaxScaler,HelmertEncoder,SVR,Train,0.0473083603925889,5639.6178474527605,0.43365764790177425,51299668.44680703,7162.378686358815
2,MinMaxScaler,HelmertEncoder,SVR,Test,0.05416328826172678,5414.093554541768,0.4198866628382274,47765743.611409,6911.276554400713
2,MinMaxScaler,SumEncoder,LinearRegression,Train,0.5980752993736314,3616.7808657858686,0.2578487429071368,21642473.83467276,4652.147228396019
2,MinMaxScaler,SumEncoder,LinearRegression,Test,0.5852204955274746,3553.5992056115474,0.25614309512864997,20946798.97705669,4576.767306413632
2,MinMaxScaler,SumEncoder,DecisionTreeRegressor,Train,1.0,0.0,0.0,0.0,0.0
2,MinMaxScaler,SumEncoder,DecisionTreeRegressor,Test,0.829210192914149,1571.9911902125025,0.10136681039570576,8625063.962374695,2936.84592077533
2,MinMaxScaler,SumEncoder,RandomForestRegressor,Train,0.9884448306715988,431.5244670759894,0.02811077985038985,622212.1941134796,788.804281246926
2,MinMaxScaler,SumEncoder,RandomForestRegressor,Test,0.8959929007380328,1276.6813234890417,0.08250722229066791,5252467.339720053,2291.8262019010194
2,MinMaxScaler,SumEncoder,SVR,Train,0.0473083603925889,5639.6178474527605,0.43365764790177425,51299668.44680703,7162.378686358815
2,MinMaxScaler,SumEncoder,SVR,Test,0.05416328826172678,5414.093554541768,0.4198866628382274,47765743.611409,6911.276554400713
2,RobustScaler,OneHotEncoder,LinearRegression,Train,0.5980752993736314,3616.780865785869,0.2578487429071369,21642473.83467276,4652.147228396019
2,RobustScaler,OneHotEncoder,LinearRegression,Test,0.5852204955274749,3553.5992056115474,0.2561430951286501,20946798.977056667,4576.767306413629
2,RobustScaler,OneHotEncoder,DecisionTreeRegressor,Train,1.0,0.0,0.0,0.0,0.0
2,RobustScaler,OneHotEncoder,DecisionTreeRegressor,Test,0.8292619228653242,1585.809558737303,0.10258108399242323,8622451.545713129,2936.401121392159
2,RobustScaler,OneHotEncoder,RandomForestRegressor,Train,0.9879884107630983,435.33929435661366,0.028239058579256432,646789.0760815482,804.2319790219414
2,RobustScaler,OneHotEncoder,RandomForestRegressor,Test,0.8960296352525239,1280.3319540575494,0.08262516348298869,5250612.208301393,2291.4214383874028
2,RobustScaler,OneHotEncoder,SVR,Train,0.00661386676237985,5782.243921971386,0.4451969846067071,53490948.33638462,7313.750634003364
2,RobustScaler,OneHotEncoder,SVR,Test,0.012956770153137231,5552.01299068354,0.4311165652098242,49846715.89200115,7060.220668789408
2,RobustScaler,HelmertEncoder,LinearRegression,Train,0.5980752993736314,3616.780865785869,0.2578487429071369,21642473.83467276,4652.147228396019
2,RobustScaler,HelmertEncoder,LinearRegression,Test,0.5852204955274749,3553.5992056115474,0.2561430951286501,20946798.977056667,4576.767306413629
2,RobustScaler,HelmertEncoder,DecisionTreeRegressor,Train,1.0,0.0,0.0,0.0,0.0
2,RobustScaler,HelmertEncoder,DecisionTreeRegressor,Test,0.8263030733845194,1594.701501641631,0.10223799441170614,8771876.540462103,2961.7353933905206
2,RobustScaler,HelmertEncoder,RandomForestRegressor,Train,0.9880590130106115,437.4992179598389,0.028347362884659333,642987.3508029294,801.864920546428
2,RobustScaler,HelmertEncoder,RandomForestRegressor,Test,0.8937649210344849,1281.5258896072364,0.08270623955924457,5364982.645977843,2316.2432182259795
2,RobustScaler,HelmertEncoder,SVR,Train,0.00661386676237985,5782.243921971386,0.4451969846067071,53490948.33638462,7313.750634003364
2,RobustScaler,HelmertEncoder,SVR,Test,0.012956770153137231,5552.01299068354,0.4311165652098242,49846715.89200115,7060.220668789408
2,RobustScaler,SumEncoder,LinearRegression,Train,0.5980752993736314,3616.780865785869,0.2578487429071369,21642473.83467276,4652.147228396019
2,RobustScaler,SumEncoder,LinearRegression,Test,0.5852204955274749,3553.5992056115474,0.2561430951286501,20946798.977056667,4576.767306413629
2,RobustScaler,SumEncoder,DecisionTreeRegressor,Train,1.0,0.0,0.0,0.0,0.0
2,RobustScaler,SumEncoder,DecisionTreeRegressor,Test,0.8148972700345369,1620.5516419822,0.10352165950124266,9347881.544006694,3057.4305460642427
2,RobustScaler,SumEncoder,RandomForestRegressor,Train,0.988292697001954,431.14684189671704,0.028005678782095117,630404.1488739812,793.9799423625141
2,RobustScaler,SumEncoder,RandomForestRegressor,Test,0.8950765565036163,1281.0051199159489,0.08251988493941988,5298743.682367499,2301.9000157190794
2,RobustScaler,SumEncoder,SVR,Train,0.00661386676237985,5782.243921971386,0.4451969846067071,53490948.33638462,7313.750634003364
2,RobustScaler,SumEncoder,SVR,Test,0.012956770153137231,5552.01299068354,0.4311165652098242,49846715.89200115,7060.220668789408
3,StandardScaler,OneHotEncoder,LinearRegression,Train,0.592318395103484,3595.2382166174116,0.2585510003510766,21570070.11305382,4644.358956094352
3,StandardScaler,OneHotEncoder,LinearRegression,Test,0.6077286073729127,3639.6808335235446,0.25634103681006176,21239200.972043715,4608.600760756318
3,StandardScaler,OneHotEncoder,DecisionTreeRegressor,Train,0.9999814741727793,0.8597630839240288,0.00010424572357330453,980.1849954828107,31.307906277533327
3,StandardScaler,OneHotEncoder,DecisionTreeRegressor,Test,0.8753216958787906,1487.0863217451752,0.09523963821070619,6750600.752069977,2598.191823570765
3,StandardScaler,OneHotEncoder,RandomForestRegressor,Train,0.9876785311548935,446.9838656263364,0.02930947427765965,651917.9273546578,807.4143467604832
3,StandardScaler,OneHotEncoder,RandomForestRegressor,Test,0.9331022969614006,1134.1445047205084,0.07517856269942408,3622119.2422146527,1903.1866020479056
3,StandardScaler,OneHotEncoder,SVR,Train,0.02016278517195158,5640.574799526804,0.4335635230898618,51842313.14185793,7200.160633059371
3,StandardScaler,OneHotEncoder,SVR,Test,-0.0020987794228668477,5826.909813943493,0.428681313763579,54257786.24197404,7365.988476910213
3,StandardScaler,HelmertEncoder,LinearRegression,Train,0.592318395103484,3595.2382166174116,0.2585510003510766,21570070.11305382,4644.358956094352
3,StandardScaler,HelmertEncoder,LinearRegression,Test,0.6077286073729127,3639.6808335235446,0.25634103681006176,21239200.972043715,4608.600760756318
3,StandardScaler,HelmertEncoder,DecisionTreeRegressor,Train,0.9999814741727793,0.8597630839240288,0.00010424572357330453,980.1849954828107,31.307906277533327
3,StandardScaler,HelmertEncoder,DecisionTreeRegressor,Test,0.8759567995865917,1480.3332325029176,0.09778929779988242,6716213.60189382,2591.5658590693424
3,StandardScaler,HelmertEncoder,RandomForestRegressor,Train,0.9875626944847701,444.41291581760845,0.02905163977944886,658046.7422587733,811.2008026738961
3,StandardScaler,HelmertEncoder,RandomForestRegressor,Test,0.9303444521459974,1135.1821354436142,0.0751543014898277,3771440.4045145055,1942.0196715055451
3,StandardScaler,HelmertEncoder,SVR,Train,0.02016278517195158,5640.574799526804,0.4335635230898618,51842313.14185793,7200.160633059371
3,StandardScaler,HelmertEncoder,SVR,Test,-0.0020987794228668477,5826.909813943493,0.428681313763579,54257786.24197404,7365.988476910213
3,StandardScaler,SumEncoder,LinearRegression,Train,0.592318395103484,3595.2382166174116,0.2585510003510766,21570070.11305382,4644.358956094352
3,StandardScaler,SumEncoder,LinearRegression,Test,0.6077286073729127,3639.6808335235446,0.25634103681006176,21239200.972043715,4608.600760756318
3,StandardScaler,SumEncoder,DecisionTreeRegressor,Train,0.9999814741727793,0.8597630839240288,0.00010424572357330453,980.1849954828107,31.307906277533327
3,StandardScaler,SumEncoder,DecisionTreeRegressor,Test,0.8691955059764853,1487.470748183935,0.09679784139886395,7082298.094709644,2661.258742533248
3,StandardScaler,SumEncoder,RandomForestRegressor,Train,0.9875632006869411,451.25259024364465,0.0295171909900564,658019.9595533715,811.1842944444693
3,StandardScaler,SumEncoder,RandomForestRegressor,Test,0.9315716023508053,1141.1663721064654,0.07550527999110472,3704997.4002254372,1924.8369801688239
3,StandardScaler,SumEncoder,SVR,Train,0.02016278517195158,5640.574799526804,0.4335635230898618,51842313.14185793,7200.160633059371
3,StandardScaler,SumEncoder,SVR,Test,-0.0020987794228668477,5826.909813943493,0.428681313763579,54257786.24197404,7365.988476910213
3,MinMaxScaler,OneHotEncoder,LinearRegression,Train,0.592318395103484,3595.238216617411,0.25855100035107653,21570070.11305382,4644.358956094352
3,MinMaxScaler,OneHotEncoder,LinearRegression,Test,0.6077286073729127,3639.6808335235446,0.2563410368100617,21239200.972043715,4608.600760756318
3,MinMaxScaler,OneHotEncoder,DecisionTreeRegressor,Train,0.9999814741727793,0.8597630839240288,0.00010424572357330453,980.1849954828107,31.307906277533327
3,MinMaxScaler,OneHotEncoder,DecisionTreeRegressor,Test,0.8809102919374145,1447.6106725334735,0.09342683304475238,6448010.970934634,2539.2933999312945
3,MinMaxScaler,OneHotEncoder,RandomForestRegressor,Train,0.9876952000983155,444.40037320332976,0.028944456716170838,651035.9884248541,806.8680117744501
3,MinMaxScaler,OneHotEncoder,RandomForestRegressor,Test,0.9334941422695361,1127.343291988042,0.07497977156779426,3600903.1112250695,1897.604571881368
3,MinMaxScaler,OneHotEncoder,SVR,Train,0.041889454267675874,5564.780683865739,0.42703087946268503,50692774.45752889,7119.885845821468
3,MinMaxScaler,OneHotEncoder,SVR,Test,0.020564969613101725,5747.322214632411,0.42223797681925146,53030676.82333616,7282.216477373916
3,MinMaxScaler,HelmertEncoder,LinearRegression,Train,0.592318395103484,3595.238216617411,0.25855100035107653,21570070.11305382,4644.358956094352
3,MinMaxScaler,HelmertEncoder,LinearRegression,Test,0.6077286073729127,3639.6808335235446,0.2563410368100617,21239200.972043715,4608.600760756318
3,MinMaxScaler,HelmertEncoder,DecisionTreeRegressor,Train,0.9999814741727793,0.8597630839240288,0.00010424572357330453,980.1849954828107,31.307906277533327
3,MinMaxScaler,HelmertEncoder,DecisionTreeRegressor,Test,0.8676277765677203,1496.5013453088777,0.09667484443185403,7167181.47037349,2677.159216478073
3,MinMaxScaler,HelmertEncoder,RandomForestRegressor,Train,0.987972896241612,445.51694777529366,0.029181615249413557,636343.3331539561,797.7113094058252
3,MinMaxScaler,HelmertEncoder,RandomForestRegressor,Test,0.9321465992462121,1136.7850972432673,0.07516581062542987,3673864.682292433,1916.7328145290446
3,MinMaxScaler,HelmertEncoder,SVR,Train,0.041889454267675874,5564.780683865739,0.42703087946268503,50692774.45752889,7119.885845821468
3,MinMaxScaler,HelmertEncoder,SVR,Test,0.020564969613101725,5747.322214632411,0.42223797681925146,53030676.82333616,7282.216477373916
3,MinMaxScaler,SumEncoder,LinearRegression,Train,0.592318395103484,3595.238216617411,0.25855100035107653,21570070.11305382,4644.358956094352
3,MinMaxScaler,SumEncoder,LinearRegression,Test,0.6077286073729127,3639.6808335235446,0.2563410368100617,21239200.972043715,4608.600760756318
3,MinMaxScaler,SumEncoder,DecisionTreeRegressor,Train,0.9999814741727793,0.8597630839240288,0.00010424572357330453,980.1849954828107,31.307906277533327
3,MinMaxScaler,SumEncoder,DecisionTreeRegressor,Test,0.8844105810729417,1446.1532212581149,0.09414927183760484,6258490.792285272,2501.697582100057
3,MinMaxScaler,SumEncoder,RandomForestRegressor,Train,0.9872297195697995,448.4198504783591,0.029356436064216358,675664.1480370509,821.9879245080494
3,MinMaxScaler,SumEncoder,RandomForestRegressor,Test,0.9319467806960785,1135.114010809395,0.0755010712772435,3684683.6877666945,1919.5529916537064
3,MinMaxScaler,SumEncoder,SVR,Train,0.041889454267675874,5564.780683865739,0.42703087946268503,50692774.45752889,7119.885845821468
3,MinMaxScaler,SumEncoder,SVR,Test,0.020564969613101725,5747.322214632411,0.42223797681925146,53030676.82333616,7282.216477373916
3,RobustScaler,OneHotEncoder,LinearRegression,Train,0.592318395103484,3595.238216617411,0.2585510003510766,21570070.11305382,4644.358956094352
3,RobustScaler,OneHotEncoder,LinearRegression,Test,0.6077286073729127,3639.6808335235446,0.25634103681006176,21239200.972043715,4608.600760756318
3,RobustScaler,OneHotEncoder,DecisionTreeRegressor,Train,0.9999814741727793,0.8597630839240288,0.00010424572357330453,980.1849954828107,31.307906277533327
3,RobustScaler,OneHotEncoder,DecisionTreeRegressor,Test,0.8809061094813845,1453.2512803858153,0.09337406663059794,6448237.426459686,2539.33798980358
3,RobustScaler,OneHotEncoder,RandomForestRegressor,Train,0.987745249798484,447.4000583370424,0.029268246714231554,648387.9034271326,805.2253743065556
3,RobustScaler,OneHotEncoder,RandomForestRegressor,Test,0.9327503525639202,1139.8571413064747,0.0756169995004356,3641174.972327955,1908.186304407396
3,RobustScaler,OneHotEncoder,SVR,Train,0.0031129517430944498,5701.8425100800805,0.4388023871597446,52744404.622217186,7262.534311259203
3,RobustScaler,OneHotEncoder,SVR,Test,-0.019867837021698254,5891.605152461431,0.43397271803174886,55219876.755120836,7431.007788659681
3,RobustScaler,HelmertEncoder,LinearRegression,Train,0.592318395103484,3595.238216617411,0.2585510003510766,21570070.11305382,4644.358956094352
3,RobustScaler,HelmertEncoder,LinearRegression,Test,0.6077286073729127,3639.6808335235446,0.25634103681006176,21239200.972043715,4608.600760756318
3,RobustScaler,HelmertEncoder,DecisionTreeRegressor,Train,0.9999814741727793,0.8597630839240288,0.00010424572357330453,980.1849954828107,31.307906277533327
3,RobustScaler,HelmertEncoder,DecisionTreeRegressor,Test,0.8674515317213923,1500.2354375081488,0.09619785918821178,7176724.097701921,2678.9408537147515
3,RobustScaler,HelmertEncoder,RandomForestRegressor,Train,0.9873154353306615,449.21500303431975,0.029328619108034845,671129.0035777993,819.2246356023477
3,RobustScaler,HelmertEncoder,RandomForestRegressor,Test,0.9311505162280417,1146.908444789308,0.07609992618576611,3727796.750257106,1930.7503075895406
3,RobustScaler,HelmertEncoder,SVR,Train,0.0031129517430944498,5701.8425100800805,0.4388023871597446,52744404.622217186,7262.534311259203
3,RobustScaler,HelmertEncoder,SVR,Test,-0.019867837021698254,5891.605152461431,0.43397271803174886,55219876.755120836,7431.007788659681
3,RobustScaler,SumEncoder,LinearRegression,Train,0.592318395103484,3595.238216617411,0.2585510003510766,21570070.11305382,4644.358956094352
3,RobustScaler,SumEncoder,LinearRegression,Test,0.6077286073729127,3639.6808335235446,0.25634103681006176,21239200.972043715,4608.600760756318
3,RobustScaler,SumEncoder,DecisionTreeRegressor,Train,0.9999814741727793,0.8597630839240288,0.00010424572357330453,980.1849954828107,31.307906277533327
3,RobustScaler,SumEncoder,DecisionTreeRegressor,Test,0.8776281195702821,1466.161190636625,0.09535027637774517,6625721.402642527,2574.0476690695778
3,RobustScaler,SumEncoder,RandomForestRegressor,Train,0.9872915431400731,449.76623745092695,0.029318199446622565,672393.1180729284,819.9958036922679
3,RobustScaler,SumEncoder,RandomForestRegressor,Test,0.931401119701153,1142.4638399676294,0.0761072846799892,3714228.038314951,1927.233259964904
3,RobustScaler,SumEncoder,SVR,Train,0.0031129517430944498,5701.8425100800805,0.4388023871597446,52744404.622217186,7262.534311259203
3,RobustScaler,SumEncoder,SVR,Test,-0.019867837021698254,5891.605152461431,0.43397271803174886,55219876.755120836,7431.007788659681
4,StandardScaler,OneHotEncoder,LinearRegression,Train,0.5994942526877411,3571.3990093127377,0.2556155001795344,20891572.18291084,4570.729939835742
4,StandardScaler,OneHotEncoder,LinearRegression,Test,0.5819706544135019,3687.0359745554124,0.25838737122548017,23941101.407429866,4892.964480499512
4,StandardScaler,OneHotEncoder,DecisionTreeRegressor,Train,0.9999812091823113,0.8597630839240288,0.00010424572357330453,980.1849954828107,31.307906277533327
4,StandardScaler,OneHotEncoder,DecisionTreeRegressor,Test,0.8334935066590933,1581.041408711003,0.10082021056859158,9536050.24182529,3088.0495853896664
4,StandardScaler,OneHotEncoder,RandomForestRegressor,Train,0.9886576331134573,435.7029607643814,0.028825932983550663,591651.6257893161,769.1889402411582
4,StandardScaler,OneHotEncoder,RandomForestRegressor,Test,0.9057027418834092,1216.9245910457282,0.07840105961042634,5400530.471956438,2323.90414431328
4,StandardScaler,OneHotEncoder,SVR,Train,0.021777217164949403,5646.929352764512,0.4342135555267558,51027012.76002597,7143.319449669458
4,StandardScaler,OneHotEncoder,SVR,Test,0.02418913922662469,5789.394244004012,0.4418047161224105,55885997.04518297,7475.69375009323
4,StandardScaler,HelmertEncoder,LinearRegression,Train,0.5994942526877411,3571.3990093127377,0.2556155001795344,20891572.18291084,4570.729939835742
4,StandardScaler,HelmertEncoder,LinearRegression,Test,0.5819706544135019,3687.0359745554124,0.25838737122548017,23941101.407429866,4892.964480499512
4,StandardScaler,HelmertEncoder,DecisionTreeRegressor,Train,0.9999812091823113,0.8597630839240288,0.00010424572357330453,980.1849954828107,31.307906277533327
4,StandardScaler,HelmertEncoder,DecisionTreeRegressor,Test,0.8274267181256014,1601.1495544749303,0.10053408953846088,9883503.35972538,3143.803963310273
4,StandardScaler,HelmertEncoder,RandomForestRegressor,Train,0.9889491042721024,431.67374389753286,0.02863461390289264,576447.6223738018,759.2414783017335
4,StandardScaler,HelmertEncoder,RandomForestRegressor,Test,0.9046318122997903,1215.3681959208714,0.07819909267908211,5461864.045860596,2337.0631240641737
4,StandardScaler,HelmertEncoder,SVR,Train,0.021777217164949403,5646.929352764512,0.4342135555267558,51027012.76002597,7143.319449669458
4,StandardScaler,HelmertEncoder,SVR,Test,0.02418913922662469,5789.394244004012,0.4418047161224105,55885997.04518297,7475.69375009323
4,StandardScaler,SumEncoder,LinearRegression,Train,0.5994942526877411,3571.3990093127377,0.2556155001795344,20891572.18291084,4570.729939835742
4,StandardScaler,SumEncoder,LinearRegression,Test,0.5819706544135019,3687.0359745554124,0.25838737122548017,23941101.407429866,4892.964480499512
4,StandardScaler,SumEncoder,DecisionTreeRegressor,Train,0.9999812091823113,0.8597630839240288,0.00010424572357330453,980.1849954828107,31.307906277533327
4,StandardScaler,SumEncoder,DecisionTreeRegressor,Test,0.8447894603039474,1568.9062879206183,0.10093531778575955,8889115.823080948,2981.4620277778063
4,StandardScaler,SumEncoder,RandomForestRegressor,Train,0.9890831520805707,433.3098583292987,0.028663888186187647,569455.2895911363,754.6226140205025
4,StandardScaler,SumEncoder,RandomForestRegressor,Test,0.9042588625791436,1224.745871782531,0.07876942683134565,5483223.376673476,2341.6283600677275
4,StandardScaler,SumEncoder,SVR,Train,0.021777217164949403,5646.929352764512,0.4342135555267558,51027012.76002597,7143.319449669458
4,StandardScaler,SumEncoder,SVR,Test,0.02418913922662469,5789.394244004012,0.4418047161224105,55885997.04518297,7475.69375009323
4,MinMaxScaler,OneHotEncoder,LinearRegression,Train,0.5994942526877411,3571.399009312738,0.2556155001795344,20891572.18291084,4570.729939835742
4,MinMaxScaler,OneHotEncoder,LinearRegression,Test,0.5819706544135018,3687.0359745554124,0.25838737122548017,23941101.40742987,4892.964480499513
4,MinMaxScaler,OneHotEncoder,DecisionTreeRegressor,Train,0.9999812091823113,0.8597630839240288,0.00010424572357330453,980.1849954828107,31.307906277533327
4,MinMaxScaler,OneHotEncoder,DecisionTreeRegressor,Test,0.8464503501059648,1548.6218799036292,0.09877482626599593,8793994.436038429,2965.4669844795826
4,MinMaxScaler,OneHotEncoder,RandomForestRegressor,Train,0.9889666903808565,436.7750069100848,0.029049100380102683,575530.2785830596,758.6371191703314
4,MinMaxScaler,OneHotEncoder,RandomForestRegressor,Test,0.9062115173762622,1204.5843457936317,0.07751825034147687,5371392.216959245,2317.626418765381
4,MinMaxScaler,OneHotEncoder,SVR,Train,0.04320442741618247,5570.927176507411,0.4273763386586459,49909305.67930079,7064.651844167609
4,MinMaxScaler,OneHotEncoder,SVR,Test,0.04380247224050826,5714.233708176821,0.4349409806054542,54762715.15222334,7400.1834539572965
4,MinMaxScaler,HelmertEncoder,LinearRegression,Train,0.5994942526877411,3571.399009312738,0.2556155001795344,20891572.18291084,4570.729939835742
4,MinMaxScaler,HelmertEncoder,LinearRegression,Test,0.5819706544135018,3687.0359745554124,0.25838737122548017,23941101.40742987,4892.964480499513
4,MinMaxScaler,HelmertEncoder,DecisionTreeRegressor,Train,0.9999812091823113,0.8597630839240288,0.00010424572357330453,980.1849954828107,31.307906277533327
4,MinMaxScaler,HelmertEncoder,DecisionTreeRegressor,Test,0.8455438931764704,1531.706799151836,0.09776324949356759,8845908.440401077,2974.2071952708807
4,MinMaxScaler,HelmertEncoder,RandomForestRegressor,Train,0.9888037243482007,433.2937021941447,0.028574156864402057,584031.072035936,764.2192565199703
4,MinMaxScaler,HelmertEncoder,RandomForestRegressor,Test,0.9077474875994785,1211.6598815965353,0.07814677842176737,5283425.141774069,2298.5702385992186
4,MinMaxScaler,HelmertEncoder,SVR,Train,0.04320442741618247,5570.927176507411,0.4273763386586459,49909305.67930079,7064.651844167609
4,MinMaxScaler,HelmertEncoder,SVR,Test,0.04380247224050826,5714.233708176821,0.4349409806054542,54762715.15222334,7400.1834539572965
4,MinMaxScaler,SumEncoder,LinearRegression,Train,0.5994942526877411,3571.399009312738,0.2556155001795344,20891572.18291084,4570.729939835742
4,MinMaxScaler,SumEncoder,LinearRegression,Test,0.5819706544135018,3687.0359745554124,0.25838737122548017,23941101.40742987,4892.964480499513
4,MinMaxScaler,SumEncoder,DecisionTreeRegressor,Train,0.9999812091823113,0.8597630839240288,0.00010424572357330453,980.1849954828107,31.307906277533327
4,MinMaxScaler,SumEncoder,DecisionTreeRegressor,Test,0.8416102514273831,1551.1132732451606,0.09918622430378687,9071193.380345348,3011.842190478337
4,MinMaxScaler,SumEncoder,RandomForestRegressor,Train,0.9889715362730388,432.86711588273846,0.02867215099446729,575277.5024194298,758.4705020100846
4,MinMaxScaler,SumEncoder,RandomForestRegressor,Test,0.9080102396438454,1205.2205590514156,0.07790267632218996,5268376.979711739,2295.2945300574693
4,MinMaxScaler,SumEncoder,SVR,Train,0.04320442741618247,5570.927176507411,0.4273763386586459,49909305.67930079,7064.651844167609
4,MinMaxScaler,SumEncoder,SVR,Test,0.04380247224050826,5714.233708176821,0.4349409806054542,54762715.15222334,7400.1834539572965
4,RobustScaler,OneHotEncoder,LinearRegression,Train,0.5994942526877411,3571.399009312738,0.2556155001795343,20891572.18291084,4570.729939835742
4,RobustScaler,OneHotEncoder,LinearRegression,Test,0.5819706544135018,3687.0359745554124,0.25838737122548006,23941101.40742987,4892.964480499513
4,RobustScaler,OneHotEncoder,DecisionTreeRegressor,Train,0.9999812091823113,0.8597630839240288,0.00010424572357330453,980.1849954828107,31.307906277533327
4,RobustScaler,OneHotEncoder,DecisionTreeRegressor,Test,0.8292493186397817,1593.3123228914346,0.1008304817168982,9779120.583262632,3127.158547829424
4,RobustScaler,OneHotEncoder,RandomForestRegressor,Train,0.9888221414775199,433.355618250159,0.02868401352291585,583070.3797383669,763.5904528858168
4,RobustScaler,OneHotEncoder,RandomForestRegressor,Test,0.9055487750128515,1213.3644693971212,0.07809549026015816,5409348.361179578,2325.8005849985457
4,RobustScaler,OneHotEncoder,SVR,Train,0.0037605981748484174,5708.859536923409,0.43914064867835484,51966813.246410094,7208.801096327328
4,RobustScaler,OneHotEncoder,SVR,Test,0.006824089248390619,5854.77783284048,0.4470372014464625,56880516.7526229,7541.91731276755
4,RobustScaler,HelmertEncoder,LinearRegression,Train,0.5994942526877411,3571.399009312738,0.2556155001795343,20891572.18291084,4570.729939835742
4,RobustScaler,HelmertEncoder,LinearRegression,Test,0.5819706544135018,3687.0359745554124,0.25838737122548006,23941101.40742987,4892.964480499513
4,RobustScaler,HelmertEncoder,DecisionTreeRegressor,Train,0.9999812091823113,0.8597630839240288,0.00010424572357330453,980.1849954828107,31.307906277533327
4,RobustScaler,HelmertEncoder,DecisionTreeRegressor,Test,0.8295223462100533,1595.8267033805066,0.10166293985894069,9763483.928047134,3124.657409708644
4,RobustScaler,HelmertEncoder,RandomForestRegressor,Train,0.9887740695584436,434.6440859409699,0.028655411350059876,585577.9541591963,765.2306542208019
4,RobustScaler,HelmertEncoder,RandomForestRegressor,Test,0.9049802255678914,1212.8247863982174,0.07827554252794096,5441909.9506006045,2332.7901642883794
4,RobustScaler,HelmertEncoder,SVR,Train,0.0037605981748484174,5708.859536923409,0.43914064867835484,51966813.246410094,7208.801096327328
4,RobustScaler,HelmertEncoder,SVR,Test,0.006824089248390619,5854.77783284048,0.4470372014464625,56880516.7526229,7541.91731276755
4,RobustScaler,SumEncoder,LinearRegression,Train,0.5994942526877411,3571.399009312738,0.2556155001795343,20891572.18291084,4570.729939835742
4,RobustScaler,SumEncoder,LinearRegression,Test,0.5819706544135018,3687.0359745554124,0.25838737122548006,23941101.40742987,4892.964480499513
4,RobustScaler,SumEncoder,DecisionTreeRegressor,Train,0.9999812091823113,0.8597630839240288,0.00010424572357330453,980.1849954828107,31.307906277533327
4,RobustScaler,SumEncoder,DecisionTreeRegressor,Test,0.8358562856333287,1567.8327945525155,0.10028716541047028,9400730.720306657,3066.06110837776
4,RobustScaler,SumEncoder,RandomForestRegressor,Train,0.9890886174574393,429.6938939352298,0.028289680497484336,569170.1992619158,754.4336944105265
4,RobustScaler,SumEncoder,RandomForestRegressor,Test,0.9033146453938609,1220.3082218623565,0.07833639708595455,5537299.961540448,2353.1468210760772
4,RobustScaler,SumEncoder,SVR,Train,0.0037605981748484174,5708.859536923409,0.43914064867835484,51966813.246410094,7208.801096327328
4,RobustScaler,SumEncoder,SVR,Test,0.006824089248390619,5854.77783284048,0.4470372014464625,56880516.7526229,7541.91731276755
